qualify_id,race_id,driver_id,constructor_id,number,position
0,548,43,26,26,19
1,548,100,30,31,26
2,548,91,29,34,25
3,548,82,31,11,24
4,548,105,32,19,23
5,548,104,17,24,22
6,548,64,31,12,21
7,548,102,26,25,20
8,548,83,0,8,18
9,548,76,5,28,17
10,548,55,16,15,16
11,548,21,16,14,14
12,548,99,32,20,13
13,548,93,17,23,15
14,548,103,28,9,11
15,548,101,2,2,1
16,548,29,21,5,2
17,548,54,5,27,3
18,548,70,2,0,4
19,548,86,24,4,12
20,548,80,28,10,6
21,548,48,14,30,5
22,548,56,0,7,8
23,548,49,21,6,9
24,548,78,24,3,10
25,548,90,14,29,7
26,549,99,32,20,16
27,549,87,16,15,20
28,549,93,17,23,17
29,549,102,26,25,18
30,549,90,14,29,19
31,549,105,32,19,21
32,549,83,0,8,6
33,549,64,31,12,23
34,549,82,31,11,24
35,549,100,30,31,25
36,549,106,30,32,26
37,549,104,17,24,15
38,549,43,26,26,22
39,549,78,24,3,14
40,549,29,21,5,2
41,549,86,24,4,12
42,549,101,2,2,1
43,549,70,2,0,3
44,549,80,28,10,13
45,549,76,5,28,5
46,549,56,0,7,4
47,549,21,16,14,8
48,549,103,28,9,9
49,549,49,21,6,10
50,549,48,14,30,11
51,549,77,5,27,7
52,550,99,32,20,18
53,550,82,31,11,22
54,550,43,26,26,19
55,550,64,31,12,20
56,550,109,16,15,21
57,550,105,32,19,23
58,550,80,28,10,11
59,550,91,29,34,25
60,550,106,30,32,26
61,550,107,29,33,27
62,550,21,16,14,28
63,550,102,26,25,17
64,550,100,30,31,24
65,550,103,28,9,16
66,550,93,17,23,14
67,550,101,2,2,1
68,550,104,17,24,15
69,550,29,21,5,2
70,550,76,5,28,3
71,550,70,2,0,4
72,550,77,5,27,6
73,550,108,21,6,5
74,550,56,0,7,8
75,550,78,24,3,9
76,550,90,14,29,10
77,550,86,24,4,12
78,550,83,0,8,13
79,550,48,14,30,7
80,552,102,26,25,20
81,552,99,32,20,16
82,552,105,32,19,17
83,552,93,17,23,18
84,552,103,28,9,21
85,552,43,26,26,19
86,552,69,31,11,23
87,552,100,30,31,24
88,552,91,29,34,25
89,552,107,29,33,26
90,552,80,28,10,15
91,552,64,31,12,22
92,552,104,17,24,14
93,552,48,14,30,12
94,552,29,21,5,1
95,552,86,24,4,11
96,552,78,24,3,10
97,552,13,2,2,9
98,552,83,0,8,8
99,552,76,5,28,7
100,552,54,5,27,6
101,552,21,16,14,5
102,552,108,21,6,4
103,552,56,0,7,3
104,552,70,2,0,2
105,552,55,16,15,13
106,553,93,17,23,15
107,553,103,28,9,16
108,553,64,31,12,17
109,553,104,17,24,18
110,553,109,14,29,14
111,553,108,21,6,20
112,553,99,32,20,21
113,553,105,32,19,22
114,553,102,26,25,24
115,553,43,26,26,19
116,553,86,24,4,13
117,553,100,30,31,25
118,553,80,28,10,11
119,553,48,14,30,10
120,553,78,24,3,9
121,553,55,16,15,8
122,553,56,0,7,7
123,553,21,16,14,6
124,553,13,2,2,5
125,553,70,2,0,4
126,553,76,5,28,3
127,553,54,5,27,2
128,553,29,21,5,1
129,553,83,0,8,12
130,553,91,29,34,26
131,553,69,31,11,23
132,554,64,31,12,19
133,554,110,30,32,26
134,554,105,32,19,25
135,554,100,30,31,24
136,554,69,31,11,23
137,554,80,28,10,22
138,554,104,17,24,21
139,554,99,32,20,20
140,554,103,28,9,18
141,554,86,24,4,17
142,554,93,17,23,16
143,554,78,24,3,14
144,554,43,26,26,13
145,554,102,26,25,15
146,554,109,14,29,11
147,554,70,2,0,1
148,554,94,2,2,2
149,554,29,21,5,3
150,554,54,5,27,4
151,554,83,0,8,12
152,554,55,16,15,6
153,554,76,5,28,5
154,554,49,21,6,8
155,554,56,0,7,9
156,554,48,14,30,10
157,554,21,16,14,7
158,555,104,17,24,17
159,555,103,28,9,20
160,555,109,14,29,18
161,555,69,31,11,19
162,555,64,31,12,21
163,555,83,0,8,9
164,555,102,26,25,23
165,555,105,32,19,24
166,555,100,30,31,25
167,555,110,30,32,26
168,555,80,28,10,16
169,555,99,32,20,22
170,555,43,26,26,15
171,555,21,16,14,6
172,555,48,14,30,13
173,555,93,17,23,14
174,555,70,2,0,1
175,555,29,21,5,2
176,555,76,5,28,3
177,555,56,0,7,5
178,555,54,5,27,4
179,555,13,2,2,7
180,555,78,24,3,8
181,555,49,21,6,10
182,555,86,24,4,11
183,555,55,16,15,12
184,556,48,14,30,9
185,556,21,16,14,11
186,556,55,16,15,10
187,556,43,26,26,12
188,556,86,24,4,7
189,556,76,5,28,1
190,556,78,24,3,5
191,556,29,21,5,4
192,556,70,2,0,3
193,556,54,5,27,2
194,556,83,0,8,13
195,556,13,2,2,6
196,556,102,26,25,14
197,556,56,0,7,8
198,556,80,28,10,16
199,556,100,30,31,25
200,556,105,32,19,24
201,556,104,17,24,23
202,556,99,32,20,22
203,556,69,31,11,21
204,556,110,30,32,26
205,556,93,17,23,20
206,556,49,21,6,19
207,556,109,14,29,18
208,556,103,28,9,17
209,556,64,31,12,15
210,557,103,28,9,16
211,557,109,14,29,17
212,557,102,26,25,18
213,557,80,28,10,19
214,557,104,17,24,20
215,557,69,31,11,22
216,557,100,30,31,23
217,557,64,31,12,24
218,557,105,32,19,25
219,557,93,17,23,15
220,557,99,32,20,21
221,557,111,0,7,14
222,557,110,30,32,26
223,557,49,21,6,12
224,557,70,2,0,2
225,557,13,2,2,3
226,557,76,5,28,4
227,557,78,24,3,5
228,557,83,0,8,6
229,557,29,21,5,1
230,557,54,5,27,13
231,557,48,14,30,8
232,557,43,26,26,9
233,557,21,16,14,10
234,557,86,24,4,11
235,557,55,16,15,7
236,558,109,14,29,15
237,558,102,26,25,16
238,558,43,26,26,17
239,558,104,17,24,18
240,558,111,32,19,19
241,558,112,31,11,26
242,558,100,30,31,21
243,558,78,24,3,23
244,558,103,28,9,24
245,558,110,30,32,25
246,558,80,28,10,14
247,558,64,31,12,20
248,558,99,32,20,22
249,558,86,24,4,12
250,558,76,5,28,11
251,558,83,0,8,13
252,558,21,16,14,1
253,558,29,21,5,2
254,558,55,16,15,4
255,558,54,5,27,5
256,558,70,2,0,3
257,558,13,2,2,7
258,558,56,0,7,8
259,558,48,14,30,9
260,558,93,17,23,10
261,558,49,21,6,6
262,559,108,21,5,20
263,559,80,28,10,17
264,559,93,17,23,18
265,559,103,28,9,19
266,559,86,24,4,21
267,559,76,5,28,2
268,559,113,32,19,23
269,559,99,32,20,24
270,559,110,30,32,25
271,559,100,30,31,26
272,559,21,16,14,16
273,559,104,17,24,22
274,559,83,0,8,15
275,559,54,5,27,1
276,559,69,31,11,13
277,559,70,2,0,3
278,559,64,31,12,4
279,559,13,2,2,5
280,559,43,26,26,6
281,559,56,0,7,7
282,559,78,24,3,14
283,559,55,16,15,9
284,559,49,21,6,10
285,559,48,14,30,11
286,559,102,26,25,12
287,559,109,14,29,8
288,560,43,26,26,15
289,560,80,28,10,16
290,560,109,14,29,17
291,560,93,17,23,18
292,560,104,17,24,19
293,560,99,32,20,22
294,560,102,26,25,21
295,560,113,32,19,23
296,560,100,30,31,24
297,560,108,21,5,14
298,560,110,30,32,26
299,560,64,31,12,20
300,560,112,31,11,25
301,560,55,16,15,13
302,560,103,28,9,11
303,560,86,24,4,12
304,560,76,5,28,1
305,560,70,2,0,2
306,560,56,0,7,4
307,560,54,5,27,5
308,560,13,2,2,3
309,560,83,0,8,7
310,560,21,16,14,8
311,560,48,14,30,9
312,560,49,21,6,10
313,560,78,24,3,6
314,561,103,28,9,19
315,561,93,17,23,17
316,561,109,14,29,18
317,561,54,5,27,16
318,561,104,17,24,20
319,561,92,30,32,26
320,561,102,31,11,22
321,561,99,32,20,23
322,561,114,32,19,24
323,561,100,30,31,25
324,561,69,31,12,21
325,561,86,24,4,14
326,561,83,0,8,15
327,561,49,21,6,12
328,561,70,2,0,2
329,561,94,2,2,3
330,561,48,14,30,4
331,561,21,16,14,5
332,561,76,5,28,6
333,561,29,21,5,1
334,561,80,28,10,8
335,561,56,0,7,9
336,561,55,16,15,10
337,561,43,26,26,11
338,561,78,24,3,13
339,561,64,26,25,7
340,562,93,17,23,16
341,562,69,31,12,17
342,562,103,28,9,18
343,562,43,26,26,19
344,562,115,26,25,20
345,562,114,32,19,23
346,562,99,32,20,22
347,562,100,30,31,24
348,562,62,31,11,25
349,562,88,30,32,26
350,562,108,14,29,15
351,562,104,17,24,21
352,562,78,24,3,14
353,562,80,28,10,12
354,562,94,2,2,4
355,562,76,5,28,11
356,562,21,16,14,10
357,562,83,0,8,9
358,562,56,0,7,8
359,562,54,5,27,7
360,562,55,16,15,6
361,562,64,21,6,5
362,562,48,14,30,3
363,562,70,2,0,2
364,562,29,21,5,1
365,562,86,24,4,13
366,563,93,17,23,18
367,563,108,14,29,17
368,563,78,24,3,15
369,563,103,28,9,19
370,563,104,17,24,16
371,563,115,26,25,20
372,563,92,30,32,26
373,563,62,31,11,22
374,563,114,32,19,23
375,563,100,30,31,24
376,563,97,32,20,25
377,563,80,28,10,21
378,563,69,31,12,14
379,563,43,26,26,12
380,563,86,24,4,13
381,563,94,2,2,1
382,563,29,21,5,2
383,563,70,2,0,3
384,563,21,16,14,5
385,563,55,16,15,6
386,563,56,0,7,4
387,563,54,5,27,8
388,563,83,0,8,9
389,563,48,14,30,10
390,563,76,5,28,11
391,563,64,21,6,7
392,564,90,14,29,19
393,564,87,26,25,15
394,564,21,16,14,16
395,564,93,17,23,17
396,564,68,17,24,18
397,564,91,29,16,20
398,564,80,28,9,13
399,564,84,29,17,22
400,564,89,27,22,23
401,564,49,30,12,24
402,564,63,27,21,25
403,564,48,14,30,14
404,564,88,28,10,21
405,564,92,30,11,26
406,564,86,0,7,9
407,564,78,24,3,11
408,564,43,26,26,10
409,564,55,16,15,8
410,564,56,0,8,7
411,564,54,5,27,6
412,564,76,5,28,5
413,564,64,21,2,4
414,564,13,2,6,3
415,564,70,2,5,1
416,564,29,21,1,2
417,564,62,24,4,12
418,565,43,26,26,18
419,565,93,17,23,16
420,565,86,0,7,17
421,565,88,28,10,26
422,565,87,26,25,19
423,565,78,24,3,15
424,565,90,14,29,21
425,565,84,29,17,22
426,565,91,29,16,23
427,565,89,27,22,24
428,565,63,27,21,25
429,565,92,30,11,20
430,565,49,30,12,14
431,565,76,5,28,8
432,565,80,28,9,12
433,565,68,17,24,13
434,565,13,2,6,1
435,565,70,2,5,2
436,565,55,16,15,4
437,565,56,0,8,5
438,565,29,21,1,3
439,565,62,24,4,7
440,565,48,14,30,9
441,565,21,16,14,10
442,565,64,21,6,11
443,565,54,5,27,6
444,566,88,28,10,19
445,566,87,26,25,16
446,566,49,30,12,17
447,566,93,17,23,18
448,566,68,17,24,20
449,566,63,27,21,26
450,566,91,29,16,22
451,566,92,30,11,23
452,566,84,29,17,24
453,566,89,27,22,25
454,566,78,24,3,15
455,566,90,14,29,21
456,566,48,14,30,14
457,566,62,24,4,13
458,566,43,26,26,12
459,566,29,21,1,1
460,566,76,5,28,2
461,566,13,2,6,3
462,566,54,5,27,5
463,566,56,0,8,6
464,566,70,2,5,4
465,566,64,21,6,8
466,566,94,0,7,9
467,566,21,16,14,10
468,566,80,28,9,11
469,566,55,16,15,7
470,567,88,28,10,18
471,567,49,30,12,16
472,567,78,24,3,17
473,567,63,27,21,26
474,567,93,17,23,19
475,567,89,27,22,25
476,567,68,17,24,21
477,567,92,30,11,22
478,567,84,29,17,23
479,567,91,29,16,24
480,567,43,26,26,15
481,567,90,14,29,20
482,567,80,28,9,14
483,567,21,16,14,8
484,567,48,14,30,12
485,567,62,24,4,13
486,567,29,21,1,1
487,567,54,5,27,2
488,567,13,2,6,4
489,567,70,2,5,5
490,567,76,5,28,3
491,567,64,21,2,7
492,567,56,0,8,9
493,567,94,0,7,10
494,567,83,26,25,11
495,567,55,16,15,6
496,568,95,14,29,19
497,568,68,17,24,16
498,568,62,24,4,17
499,568,93,17,23,18
500,568,92,30,11,20
501,568,84,29,17,25
502,568,63,27,21,22
503,568,49,30,12,23
504,568,89,27,22,24
505,568,78,24,3,15
506,568,88,28,10,26
507,568,91,29,16,21
508,568,48,14,30,14
509,568,83,26,26,8
510,568,43,26,26,12
511,568,21,16,14,11
512,568,86,0,7,10
513,568,55,16,15,9
514,568,64,21,2,7
515,568,56,0,8,6
516,568,54,5,27,5
517,568,76,5,28,4
518,568,13,2,6,3
519,568,29,21,1,2
520,568,70,2,5,1
521,568,80,28,9,13
522,569,83,26,25,14
523,569,78,24,3,16
524,569,62,24,4,15
525,569,63,27,21,24
526,569,68,17,24,19
527,569,88,28,10,22
528,569,84,29,17,21
529,569,91,29,16,20
530,569,80,28,9,13
531,569,89,27,22,23
532,569,48,14,30,12
533,569,93,17,23,17
534,569,86,0,7,10
535,569,64,21,2,6
536,569,54,5,27,5
537,569,76,5,28,4
538,569,13,2,6,3
539,569,70,2,5,2
540,569,43,26,26,11
541,569,95,14,29,18
542,569,56,0,8,7
543,569,55,16,15,8
544,569,29,21,1,1
545,569,21,16,14,9
546,570,89,27,22,24
547,570,91,29,16,22
548,570,84,29,17,21
549,570,78,24,3,19
550,570,88,28,10,18
551,570,68,17,24,17
552,570,80,28,9,16
553,570,95,14,29,15
554,570,62,24,4,14
555,570,86,0,7,13
556,570,63,27,21,23
557,570,55,16,15,11
558,570,48,14,30,12
559,570,70,2,5,1
560,570,29,21,1,2
561,570,13,2,6,3
562,570,54,5,27,4
563,570,93,17,23,20
564,570,43,26,26,6
565,570,76,5,28,7
566,570,56,0,8,8
567,570,83,26,25,9
568,570,64,21,2,10
569,570,21,16,14,5
570,571,62,24,3,23
571,571,89,27,22,22
572,571,91,29,16,21
573,571,63,27,21,20
574,571,88,28,10,19
575,571,68,17,24,18
576,571,96,28,9,17
577,571,95,14,29,16
578,571,93,17,23,15
579,571,78,24,3,14
580,571,83,26,25,11
581,571,48,14,30,12
582,571,86,0,7,10
583,571,21,16,14,9
584,571,56,0,8,8
585,571,54,5,27,6
586,571,64,21,2,5
587,571,76,5,28,4
588,571,13,2,6,3
589,571,29,21,1,2
590,571,70,2,5,1
591,571,43,26,26,13
592,571,55,16,15,7
593,571,84,29,17,24
594,572,68,17,24,16
595,572,78,24,3,17
596,572,85,29,16,24
597,572,84,29,17,23
598,572,89,27,22,22
599,572,63,27,21,21
600,572,93,17,23,20
601,572,88,28,10,19
602,572,70,2,5,1
603,572,29,21,1,2
604,572,13,2,6,3
605,572,76,5,28,4
606,572,48,14,30,11
607,572,55,16,15,6
608,572,56,0,8,7
609,572,86,0,7,8
610,572,64,21,2,9
611,572,54,5,27,10
612,572,87,26,25,18
613,572,43,26,26,12
614,572,62,24,4,13
615,572,95,14,29,14
616,572,96,28,9,15
617,572,21,16,14,5
618,573,82,17,23,15
619,573,62,24,4,16
620,573,78,24,3,17
621,573,88,28,10,18
622,573,63,27,21,23
623,573,96,28,9,20
624,573,84,29,17,22
625,573,85,29,16,24
626,573,95,14,29,19
627,573,86,0,7,13
628,573,89,27,22,21
629,573,48,14,30,11
630,573,68,17,24,12
631,573,70,2,5,1
632,573,13,2,6,2
633,573,29,21,1,3
634,573,76,5,28,4
635,573,21,16,14,14
636,573,54,5,27,6
637,573,55,16,15,7
638,573,83,26,25,8
639,573,64,21,2,9
640,573,56,0,8,5
641,573,43,26,26,10
642,574,29,21,1,16
643,574,82,17,23,17
644,574,88,28,10,18
645,574,96,28,9,20
646,574,78,24,3,15
647,574,84,29,17,21
648,574,89,27,22,22
649,574,85,29,16,23
650,574,63,27,21,24
651,574,68,17,24,19
652,574,95,14,29,14
653,574,62,24,4,11
654,574,21,16,14,12
655,574,48,14,30,10
656,574,43,26,26,9
657,574,55,16,15,7
658,574,86,0,7,6
659,574,13,2,6,5
660,574,64,21,2,4
661,574,56,0,8,3
662,574,54,5,27,2
663,574,76,5,28,1
664,574,83,26,26,13
665,574,70,2,5,8
666,575,55,16,15,12
667,575,13,2,6,1
668,575,85,29,16,24
669,575,63,27,21,23
670,575,89,27,22,22
671,575,84,29,17,21
672,575,88,28,10,20
673,575,82,17,23,19
674,575,78,24,3,17
675,575,62,24,4,16
676,575,96,28,9,15
677,575,95,14,29,14
678,575,68,17,24,18
679,575,83,26,26,11
680,575,43,26,26,13
681,575,76,5,28,3
682,575,70,2,5,4
683,575,54,5,27,5
684,575,21,16,14,6
685,575,29,21,1,2
686,575,64,21,2,8
687,575,86,0,7,9
688,575,48,14,30,10
689,575,56,0,8,7
690,576,95,14,29,14
691,576,97,29,16,24
692,576,89,27,22,23
693,576,63,27,21,22
694,576,84,29,17,21
695,576,96,28,9,20
696,576,68,17,24,18
697,576,82,17,23,17
698,576,78,24,3,16
699,576,62,24,4,15
700,576,56,0,8,13
701,576,88,28,10,19
702,576,43,26,26,11
703,576,70,2,5,2
704,576,29,21,1,3
705,576,76,5,28,4
706,576,48,14,30,5
707,576,13,2,6,1
708,576,86,0,7,12
709,576,54,5,27,7
710,576,21,16,14,8
711,576,83,26,25,9
712,576,55,16,15,10
713,576,64,21,2,6
714,577,43,26,26,14
715,577,62,24,4,15
716,577,82,17,23,16
717,577,96,28,9,17
718,577,68,17,24,18
719,577,97,29,16,24
720,577,84,29,17,20
721,577,63,27,21,22
722,577,89,27,22,23
723,577,95,14,29,13
724,577,98,24,3,19
725,577,88,28,10,21
726,577,83,26,25,12
727,577,86,0,7,10
728,577,56,0,8,9
729,577,48,14,30,8
730,577,64,21,2,7
731,577,54,5,27,6
732,577,55,16,15,5
733,577,76,5,28,4
734,577,29,21,1,3
735,577,70,2,5,2
736,577,13,2,6,1
737,577,21,16,14,11
738,578,95,14,29,15
739,578,68,17,24,16
740,578,78,24,3,17
741,578,62,24,4,18
742,578,80,28,9,19
743,578,91,29,16,24
744,578,63,27,21,21
745,578,89,27,22,22
746,578,84,29,17,23
747,578,82,17,23,14
748,578,88,28,10,20
749,578,87,26,25,13
750,578,86,0,7,10
751,578,21,16,14,11
752,578,70,2,5,2
753,578,29,21,1,3
754,578,54,5,27,4
755,578,76,5,28,5
756,578,13,2,6,1
757,578,64,21,2,7
758,578,48,14,30,8
759,578,43,26,26,9
760,578,75,0,8,12
761,578,55,16,15,6
762,579,80,28,9,15
763,579,86,0,7,24
764,579,91,29,16,23
765,579,89,27,22,22
766,579,63,27,21,21
767,579,84,29,17,20
768,579,88,28,10,19
769,579,68,17,24,18
770,579,82,17,23,17
771,579,90,14,29,16
772,579,78,24,3,14
773,579,87,26,25,13
774,579,29,21,1,1
775,579,62,24,4,12
776,579,54,5,27,2
777,579,56,0,8,3
778,579,76,5,28,5
779,579,13,2,6,6
780,579,70,2,5,4
781,579,48,14,30,8
782,579,64,21,2,9
783,579,21,16,14,10
784,579,43,26,26,11
785,579,55,16,15,7
786,580,90,14,29,18
787,580,68,17,24,15
788,580,78,24,3,16
789,580,82,17,23,17
790,580,88,28,10,19
791,580,62,24,4,14
792,580,56,0,8,24
793,580,63,27,21,21
794,580,84,29,16,22
795,580,91,29,16,23
796,580,89,27,22,20
797,580,80,28,9,13
798,580,76,5,28,4
799,580,83,26,25,11
800,580,43,26,26,12
801,580,13,2,6,2
802,580,29,21,1,3
803,580,54,5,27,5
804,580,70,2,5,1
805,580,21,16,14,7
806,580,64,21,2,8
807,580,55,16,15,9
808,580,86,0,7,10
809,580,48,14,30,6
810,581,43,26,9,11
811,581,72,28,16,18
812,581,82,17,20,17
813,581,20,17,21,16
814,581,64,14,14,14
815,581,13,0,8,13
816,581,49,28,17,12
817,581,62,24,19,10
818,581,29,5,1,4
819,581,21,16,11,8
820,581,76,21,4,7
821,581,54,21,3,6
822,581,56,0,7,5
823,581,55,5,2,3
824,581,70,2,5,2
825,581,34,2,6,1
826,581,83,16,12,19
827,581,48,14,15,9
828,581,63,26,10,20
829,581,78,24,18,15
830,582,78,24,18,16
831,582,63,26,10,22
832,582,57,17,21,21
833,582,84,27,23,20
834,582,68,27,22,19
835,582,82,17,20,18
836,582,72,28,16,17
837,582,43,26,9,15
838,582,13,0,8,14
839,582,49,28,17,13
840,582,62,24,19,11
841,582,64,14,14,12
842,582,48,14,15,9
843,582,76,21,4,8
844,582,56,0,7,7
845,582,83,16,12,6
846,582,54,21,3,5
847,582,29,5,1,4
848,582,34,2,6,3
849,582,21,16,11,2
850,582,70,2,5,1
851,582,55,5,2,10
852,583,62,24,19,16
853,583,57,17,21,14
854,583,83,16,12,15
855,583,64,14,14,17
856,583,63,26,10,18
857,583,72,28,16,20
858,583,68,27,22,21
859,583,84,27,23,22
860,583,78,24,18,13
861,583,82,17,20,19
862,583,43,26,9,12
863,583,54,21,3,4
864,583,55,5,2,10
865,583,48,14,15,11
866,583,29,5,1,2
867,583,34,2,6,3
868,583,76,21,4,5
869,583,70,2,5,1
870,583,49,28,17,7
871,583,56,0,7,8
872,583,13,0,8,9
873,583,21,16,11,6
874,584,56,0,7,9
875,584,70,2,5,1
876,584,34,2,6,2
877,584,29,5,1,3
878,584,54,21,3,4
879,584,21,16,11,5
880,584,55,5,2,7
881,584,76,21,4,8
882,584,48,14,15,10
883,584,13,0,8,6
884,584,64,14,14,12
885,584,82,17,20,19
886,584,20,17,21,18
887,584,63,26,10,17
888,584,78,24,18,16
889,584,72,28,16,20
890,584,43,26,9,15
891,584,62,24,19,14
892,584,49,28,17,13
893,584,83,16,12,11
894,585,43,26,9,13
895,585,68,27,22,21
896,585,72,28,16,20
897,585,20,17,21,19
898,585,82,17,20,18
899,585,63,26,10,17
900,585,78,24,18,16
901,585,64,14,14,15
902,585,49,28,17,14
903,585,56,0,7,11
904,585,48,14,15,10
905,585,21,16,11,9
906,585,29,5,1,1
907,585,70,2,5,2
908,585,34,2,6,3
909,585,13,0,8,4
910,585,84,27,23,22
911,585,54,21,3,5
912,585,55,5,2,6
913,585,76,21,4,7
914,585,62,24,19,8
915,585,83,16,12,12
916,586,43,26,9,14
917,586,84,27,23,22
918,586,68,27,22,21
919,586,72,28,16,20
920,586,82,17,20,19
921,586,20,17,21,18
922,586,63,26,10,17
923,586,83,16,12,16
924,586,78,24,18,15
925,586,64,14,14,13
926,586,29,5,1,1
927,586,62,24,19,11
928,586,49,28,17,12
929,586,54,21,3,3
930,586,76,21,4,4
931,586,13,0,8,5
932,586,70,2,5,2
933,586,55,5,2,7
934,586,56,0,7,8
935,586,48,14,15,9
936,586,34,2,6,10
937,586,21,16,11,6
938,587,49,28,17,13
939,587,72,28,16,20
940,587,20,17,21,19
941,587,82,17,20,18
942,587,63,26,10,17
943,587,78,24,18,16
944,587,83,16,12,15
945,587,13,0,8,14
946,587,62,24,19,12
947,587,34,2,6,2
948,587,56,0,7,10
949,587,48,14,15,11
950,587,54,21,3,4
951,587,76,21,4,5
952,587,55,5,2,6
953,587,70,2,5,1
954,587,43,26,9,8
955,587,29,5,1,3
956,587,64,14,14,9
957,587,21,16,11,7
958,597,20,16,12,14
959,597,63,20,2,22
960,597,49,24,18,21
961,597,70,20,1,20
962,597,75,23,23,19
963,597,62,24,19,18
964,597,14,17,21,17
965,597,74,19,15,16
966,597,78,17,20,15
967,597,77,14,17,13
968,597,29,5,5,3
969,597,21,23,22,11
970,597,48,2,4,2
971,597,22,16,11,12
972,597,13,0,10,4
973,597,55,5,6,5
974,597,34,2,3,1
975,597,64,14,16,7
976,597,54,21,7,8
977,597,43,19,14,9
978,597,76,21,8,10
979,597,56,0,9,6
980,598,55,5,6,14
981,598,62,24,19,22
982,598,49,24,18,21
983,598,75,23,23,20
984,598,77,14,17,19
985,598,78,17,20,18
986,598,14,17,21,17
987,598,63,20,2,16
988,598,74,19,15,15
989,598,64,14,16,13
990,598,13,0,10,12
991,598,21,23,22,11
992,598,29,5,5,2
993,598,76,21,8,3
994,598,56,0,9,4
995,598,43,19,14,5
996,598,34,2,3,1
997,598,20,16,12,7
998,598,48,2,4,8
999,598,70,20,1,9
1000,598,22,16,11,10
1001,598,54,21,7,6
1002,599,77,14,17,14
1003,599,63,20,2,22
1004,599,78,17,20,21
1005,599,74,19,15,20
1006,599,62,24,19,19
1007,599,14,17,21,18
1008,599,56,0,9,17
1009,599,49,24,18,16
1010,599,75,23,23,15
1011,599,70,20,1,13
1012,599,34,2,3,1
1013,599,54,21,7,11
1014,599,13,0,10,10
1015,599,20,16,12,9
1016,599,64,14,16,8
1017,599,55,5,6,7
1018,599,22,16,11,6
1019,599,21,23,22,5
1020,599,29,5,5,4
1021,599,43,19,14,3
1022,599,48,2,4,2
1023,599,76,21,8,12
1024,600,54,21,7,14
1025,600,70,20,1,15
1026,600,75,23,23,16
1027,600,78,17,20,22
1028,600,49,24,18,21
1029,600,74,19,15,18
1030,600,62,24,19,19
1031,600,21,23,22,13
1032,600,14,17,21,20
1033,600,63,20,2,17
1034,600,77,14,17,12
1035,600,20,16,12,6
1036,600,13,0,10,10
1037,600,76,21,8,11
1038,600,48,2,4,2
1039,600,29,5,5,3
1040,600,43,19,14,4
1041,600,34,2,3,1
1042,600,64,14,16,7
1043,600,56,0,9,8
1044,600,55,5,6,9
1045,600,22,16,11,5
1046,601,62,24,18,14
1047,601,78,17,20,20
1048,601,75,23,23,19
1049,601,14,17,21,18
1050,601,76,21,8,17
1051,601,63,20,2,16
1052,601,55,5,6,15
1053,601,70,20,1,13
1054,601,56,0,9,8
1055,601,77,14,17,11
1056,601,21,23,22,10
1057,601,54,21,7,9
1058,601,74,19,15,21
1059,601,64,14,16,7
1060,601,22,16,11,6
1061,601,13,0,10,5
1062,601,20,16,12,4
1063,601,34,2,3,3
1064,601,43,19,14,12
1065,601,49,24,19,22
1066,601,48,2,4,1
1067,601,29,5,5,2
1068,602,34,2,3,1
1069,602,75,23,23,22
1070,602,63,20,2,21
1071,602,78,17,20,20
1072,602,49,24,19,19
1073,602,14,17,21,18
1074,602,21,23,22,17
1075,602,74,19,15,16
1076,602,70,20,1,15
1077,602,48,2,4,2
1078,602,62,24,18,14
1079,602,43,19,14,12
1080,602,55,5,6,11
1081,602,64,14,16,10
1082,602,22,16,11,9
1083,602,20,16,12,8
1084,602,29,5,5,7
1085,602,56,0,10,5
1086,602,54,21,7,4
1087,602,13,0,10,3
1088,602,80,14,17,13
1089,602,76,21,8,6
1090,603,75,23,23,21
1091,603,34,2,3,2
1092,603,29,5,5,1
1093,603,78,17,20,22
1094,603,14,17,21,20
1095,603,74,19,15,19
1096,603,80,14,17,18
1097,603,63,20,2,16
1098,603,70,20,1,15
1099,603,49,24,19,14
1100,603,64,14,16,13
1101,603,62,24,18,17
1102,603,24,21,8,11
1103,603,55,5,6,12
1104,603,48,2,4,4
1105,603,13,0,10,5
1106,603,20,16,12,6
1107,603,21,23,22,3
1108,603,54,21,7,8
1109,603,56,0,9,9
1110,603,43,19,14,10
1111,603,22,16,11,7
1112,604,74,19,15,13
1113,604,57,17,21,22
1114,604,78,17,20,21
1115,604,81,14,17,20
1116,604,62,24,18,19
1117,604,70,20,1,17
1118,604,63,20,2,16
1119,604,75,23,23,15
1120,604,64,14,16,14
1121,604,21,23,22,12
1122,604,49,24,19,18
1123,604,56,0,9,10
1124,604,48,2,4,2
1125,604,22,16,11,3
1126,604,34,2,3,4
1127,604,55,5,6,5
1128,604,20,16,12,11
1129,604,14,19,14,6
1130,604,24,21,8,7
1131,604,54,21,7,8
1132,604,13,0,10,9
1133,604,29,5,5,1
1134,605,14,19,14,13
1135,605,21,23,22,21
1136,605,57,17,21,20
1137,605,49,24,18,19
1138,605,78,17,20,18
1139,605,62,24,19,17
1140,605,63,20,2,16
1141,605,75,23,23,15
1142,605,74,19,15,14
1143,605,81,14,17,22
1144,605,70,20,1,12
1145,605,20,16,12,10
1146,605,64,14,16,9
1147,605,24,21,8,8
1148,605,55,5,6,7
1149,605,13,0,10,6
1150,605,22,16,11,5
1151,605,29,5,5,4
1152,605,56,0,9,3
1153,605,48,2,4,2
1154,605,34,2,3,1
1155,605,54,21,17,11
1156,606,75,23,23,15
1157,606,63,20,2,16
1158,606,74,19,15,17
1159,606,81,14,17,18
1160,606,64,14,16,14
1161,606,49,24,19,20
1162,606,57,17,21,21
1163,606,78,17,20,22
1164,606,62,24,18,19
1165,606,70,20,1,13
1166,606,76,21,8,1
1167,606,14,19,14,11
1168,606,21,23,22,12
1169,606,56,0,9,3
1170,606,29,5,5,4
1171,606,48,2,4,5
1172,606,20,16,12,2
1173,606,22,16,11,7
1174,606,13,0,10,8
1175,606,34,2,3,9
1176,606,55,5,6,10
1177,606,54,21,7,6
1178,614,21,23,18,14
1179,614,63,20,16,20
1180,614,72,24,20,19
1181,614,75,23,19,18
1182,614,73,17,23,17
1183,614,62,20,17,16
1184,614,14,19,12,15
1185,614,67,24,20,13
1186,614,55,5,4,8
1187,614,24,21,6,11
1188,614,70,16,9,10
1189,614,22,16,10,9
1190,614,43,19,14,21
1191,614,20,21,5,7
1192,614,48,2,2,6
1193,614,64,14,15,5
1194,614,34,2,1,4
1195,614,29,5,3,3
1196,614,54,14,14,12
1197,614,74,17,22,22
1198,614,56,0,8,1
1199,614,13,0,7,2
1200,615,13,0,7,2
1201,615,63,20,16,22
1202,615,72,24,20,21
1203,615,62,20,17,20
1204,615,73,17,23,19
1205,615,74,17,22,18
1206,615,67,24,21,17
1207,615,75,23,19,16
1208,615,54,14,14,15
1209,615,64,14,15,14
1210,615,21,23,18,13
1211,615,14,19,12,12
1212,615,70,16,9,11
1213,615,43,19,14,9
1214,615,22,16,10,8
1215,615,20,21,5,7
1216,615,24,21,6,5
1217,615,29,5,3,4
1218,615,48,2,2,3
1219,615,56,0,8,1
1220,615,55,5,4,6
1221,615,34,2,1,10
1222,616,14,19,12,16
1223,616,75,23,19,22
1224,616,72,24,20,21
1225,616,73,17,23,20
1226,616,74,17,22,19
1227,616,63,20,16,18
1228,616,62,20,17,17
1229,616,43,19,11,15
1230,616,21,23,18,14
1231,616,64,14,15,12
1232,616,54,14,14,11
1233,616,67,24,18,13
1234,616,70,16,9,9
1235,616,24,21,6,8
1236,616,34,2,1,7
1237,616,48,2,2,6
1238,616,22,16,10,5
1239,616,55,5,4,4
1240,616,56,0,8,3
1241,616,29,5,3,2
1242,616,13,0,7,1
1243,616,20,21,5,10
1244,622,67,24,21,17
1245,622,14,19,12,14
1246,622,49,23,19,15
1247,622,21,23,18,16
1248,622,73,17,23,18
1249,622,13,0,7,4
1250,622,72,24,20,20
1251,622,22,16,9,21
1252,622,43,19,11,22
1253,622,62,20,17,13
1254,622,74,17,22,19
1255,622,63,20,16,12
1256,622,56,0,8,1
1257,622,20,21,5,10
1258,622,64,14,15,9
1259,622,54,14,14,8
1260,622,70,16,9,7
1261,622,48,2,2,6
1262,622,55,5,4,5
1263,622,34,2,1,3
1264,622,29,5,3,2
1265,622,24,21,6,11
1266,623,22,16,10,9
1267,623,62,20,17,6
1268,623,48,2,2,7
1269,623,21,23,18,5
1270,623,54,14,14,2
1271,623,56,0,8,3
1272,623,20,21,5,1
1273,623,43,19,11,10
1274,623,29,5,3,4
1275,623,34,2,1,11
1276,623,55,5,4,8
1277,623,63,20,16,13
1278,623,72,24,20,22
1279,623,49,23,19,12
1280,623,67,24,21,20
1281,623,73,17,23,19
1282,623,64,14,15,18
1283,623,74,17,22,21
1284,623,14,19,12,16
1285,623,70,16,9,15
1286,623,13,0,7,14
1287,623,24,21,6,17
1288,624,73,17,23,21
1289,624,64,14,15,12
1290,624,49,23,19,19
1291,624,63,20,16,18
1292,624,62,20,17,17
1293,624,43,19,11,16
1294,624,67,24,21,15
1295,624,14,19,12,14
1296,624,21,23,16,13
1297,624,54,14,14,11
1298,624,74,17,22,20
1299,624,29,5,3,9
1300,624,56,0,8,1
1301,624,13,0,7,2
1302,624,34,2,1,3
1303,624,22,16,10,4
1304,624,48,2,2,10
1305,624,55,5,4,6
1306,624,24,21,6,7
1307,624,20,21,5,8
1308,624,70,16,9,5
1309,626,73,17,23,22
1310,626,64,14,15,12
1311,626,72,24,20,20
1312,626,67,24,21,19
1313,626,62,20,17,18
1314,626,49,23,19,17
1315,626,63,20,16,16
1316,626,43,19,11,15
1317,626,21,23,18,14
1318,626,14,19,12,13
1319,626,74,17,22,21
1320,626,54,14,14,10
1321,626,48,2,2,9
1322,626,22,16,10,8
1323,626,20,21,5,7
1324,626,34,2,1,6
1325,626,55,5,4,5
1326,626,29,5,3,4
1327,626,70,16,9,3
1328,626,13,0,7,2
1329,626,56,0,8,1
1330,626,24,21,6,11
1331,630,63,14,12,14
1332,630,69,2,5,15
1333,630,54,14,11,16
1334,630,14,19,19,12
1335,630,36,20,14,18
1336,630,40,15,23,19
1337,630,43,19,18,20
1338,630,67,20,15,17
1339,630,34,15,22,11
1340,630,21,23,16,4
1341,630,70,16,7,9
1342,630,22,2,6,8
1343,630,20,21,9,7
1344,630,55,5,4,6
1345,630,48,16,8,5
1346,630,29,5,3,3
1347,630,13,0,2,2
1348,630,56,0,1,1
1349,630,68,17,20,21
1350,630,24,21,10,10
1351,630,47,17,21,22
1352,630,64,23,17,13
1353,631,48,16,8,8
1354,631,56,0,1,1
1355,631,13,0,2,2
1356,631,21,23,16,3
1357,631,29,5,3,4
1358,631,20,21,9,5
1359,631,55,5,4,6
1360,631,70,16,7,7
1361,631,24,21,10,9
1362,631,64,23,17,10
1363,631,43,19,18,12
1364,631,22,2,6,11
1365,631,54,14,11,14
1366,631,63,14,12,15
1367,631,69,2,5,16
1368,631,71,17,20,17
1369,631,36,20,14,18
1370,631,67,20,15,19
1371,631,47,17,21,20
1372,631,34,15,22,21
1373,631,14,19,19,13
1374,632,24,21,10,17
1375,632,20,21,9,16
1376,632,63,14,12,15
1377,632,36,20,14,18
1378,632,13,0,2,2
1379,632,67,20,15,20
1380,632,47,17,21,21
1381,632,14,19,19,14
1382,632,68,17,22,22
1383,632,62,15,23,19
1384,632,54,14,11,13
1385,632,29,5,3,3
1386,632,64,23,17,12
1387,632,55,5,4,4
1388,632,34,15,22,5
1389,632,21,23,16,6
1390,632,48,16,8,7
1391,632,56,0,1,1
1392,632,22,2,6,9
1393,632,69,2,5,10
1394,632,43,19,18,11
1395,632,70,16,7,8
1396,646,36,20,18,12
1397,646,64,18,8,20
1398,646,63,14,16,19
1399,646,47,17,20,18
1400,646,54,19,14,17
1401,646,40,15,23,16
1402,646,1,19,15,15
1403,646,24,21,12,14
1404,646,49,20,19,13
1405,646,22,2,9,11
1406,646,14,16,6,6
1407,646,20,21,11,9
1408,646,34,15,22,8
1409,646,55,18,7,7
1410,646,17,2,10,21
1411,646,48,16,5,5
1412,646,21,5,4,4
1413,646,29,5,3,3
1414,646,13,0,2,2
1415,646,56,0,1,1
1416,646,62,14,17,10
1417,646,59,17,21,22
1418,648,22,2,9,5
1419,648,29,5,3,2
1420,648,47,17,20,21
1421,648,59,17,21,20
1422,648,20,21,11,19
1423,648,17,2,10,18
1424,648,64,18,8,17
1425,648,49,20,19,16
1426,648,54,19,14,15
1427,648,40,15,23,14
1428,648,36,20,18,13
1429,648,62,14,17,12
1430,648,24,21,12,11
1431,648,63,14,16,10
1432,648,34,15,22,9
1433,648,14,16,6,8
1434,648,55,18,7,7
1435,648,48,16,5,6
1436,648,21,5,4,4
1437,648,13,0,2,3
1438,648,56,0,1,1
1439,648,1,19,15,22
1440,649,21,5,4,1
1441,649,56,0,1,3
1442,649,54,19,14,15
1443,649,24,21,12,20
1444,649,36,20,18,19
1445,649,62,14,17,18
1446,649,1,19,15,17
1447,649,40,15,23,16
1448,649,13,0,2,4
1449,649,64,18,8,14
1450,649,63,14,16,13
1451,649,20,21,11,12
1452,649,14,16,6,11
1453,649,34,15,22,10
1454,649,55,18,7,9
1455,649,49,20,19,8
1456,649,22,2,9,7
1457,649,17,2,10,6
1458,649,47,17,20,21
1459,649,59,17,21,22
1460,649,29,5,3,5
1461,649,48,16,5,2
1462,661,17,2,10,5
1463,661,47,17,20,21
1464,661,22,2,9,6
1465,661,59,17,21,22
1466,661,63,14,16,20
1467,661,62,14,17,19
1468,661,40,15,23,18
1469,661,1,19,15,16
1470,661,14,16,6,15
1471,661,49,20,19,14
1472,661,54,19,14,17
1473,661,20,21,11,12
1474,661,24,21,12,11
1475,661,64,18,8,10
1476,661,21,5,4,4
1477,661,34,15,22,9
1478,661,48,16,5,8
1479,661,55,18,7,7
1480,661,29,5,3,1
1481,661,56,0,1,2
1482,661,36,20,18,13
1483,661,13,0,2,3
1484,678,3,17,21,17
1485,678,34,15,10,18
1486,678,61,17,20,22
1487,678,49,20,14,20
1488,678,60,19,23,21
1489,678,48,19,22,15
1490,678,58,20,15,19
1491,678,55,18,18,14
1492,678,56,0,3,4
1493,678,20,21,7,12
1494,678,7,14,17,11
1495,678,17,21,8,10
1496,678,54,16,12,9
1497,678,14,16,11,8
1498,678,13,0,4,7
1499,678,1,14,16,6
1500,678,21,5,2,5
1501,678,30,2,6,3
1502,678,22,2,5,2
1503,678,29,5,1,1
1504,678,43,15,9,13
1505,678,36,18,19,16
1506,681,7,0,4,5
1507,681,30,2,6,2
1508,681,16,17,23,21
1509,681,55,18,16,20
1510,681,65,6,25,19
1511,681,43,15,12,18
1512,681,36,18,17,17
1513,681,58,20,21,16
1514,681,10,16,10,15
1515,681,61,17,22,22
1516,681,12,14,8,14
1517,681,14,3,14,12
1518,681,48,20,20,11
1519,681,62,6,24,10
1520,681,20,16,9,9
1521,681,17,3,15,8
1522,681,1,14,7,7
1523,681,13,0,3,6
1524,681,21,5,2,3
1525,681,29,5,1,1
1526,681,34,15,11,13
1527,681,22,2,3,4
1528,696,7,0,4,4
1529,696,61,17,22,20
1530,696,16,17,23,19
1531,696,65,6,25,18
1532,696,36,18,17,17
1533,696,43,15,12,16
1534,696,12,14,8,15
1535,696,55,18,16,14
1536,696,13,0,3,3
1537,696,62,6,24,13
1538,696,14,3,14,11
1539,696,17,3,15,10
1540,696,34,15,11,9
1541,696,20,16,9,8
1542,696,10,16,10,7
1543,696,30,2,6,6
1544,696,22,2,5,5
1545,696,29,5,1,1
1546,696,1,14,7,12
1547,696,21,5,2,2
1548,697,21,5,2,2
1549,697,29,5,1,1
1550,697,1,14,9,7
1551,697,43,6,20,5
1552,697,34,15,16,6
1553,697,17,15,17,8
1554,697,22,2,4,9
1555,697,3,3,8,10
1556,697,13,0,5,11
1557,697,14,3,7,12
1558,697,48,14,10,4
1559,697,20,16,11,13
1560,697,7,0,6,15
1561,697,42,6,21,16
1562,697,51,16,12,17
1563,697,41,18,15,18
1564,697,50,17,18,19
1565,697,49,17,19,20
1566,697,16,18,14,14
1567,697,30,2,3,3
1568,698,51,16,12,20
1569,698,50,17,18,19
1570,698,14,3,7,2
1571,698,49,17,19,18
1572,698,22,2,4,17
1573,698,16,18,14,16
1574,698,41,18,15,15
1575,698,3,3,8,1
1576,698,48,14,10,13
1577,698,34,15,16,12
1578,698,42,6,21,11
1579,698,20,16,11,14
1580,698,17,15,17,9
1581,698,30,2,3,8
1582,698,7,0,6,7
1583,698,1,14,9,6
1584,698,21,5,2,5
1585,698,13,0,5,4
1586,698,29,5,1,3
1587,698,43,6,20,10
1588,699,48,14,10,14
1589,699,43,6,20,15
1590,699,51,16,12,16
1591,699,50,17,18,20
1592,699,42,6,21,18
1593,699,49,17,19,19
1594,699,34,15,16,13
1595,699,41,18,15,17
1596,699,1,14,9,12
1597,699,13,0,5,2
1598,699,3,3,8,10
1599,699,30,2,3,9
1600,699,20,16,11,8
1601,699,29,5,1,7
1602,699,22,2,4,6
1603,699,14,3,7,5
1604,699,7,0,6,4
1605,699,16,18,14,3
1606,699,17,15,17,11
1607,699,21,5,2,1
1608,700,13,0,5,12
1609,700,48,14,10,14
1610,700,50,17,18,18
1611,700,14,3,7,16
1612,700,20,16,11,17
1613,700,1,14,9,11
1614,700,41,18,15,15
1615,700,43,6,20,10
1616,700,7,0,6,6
1617,700,3,3,8,8
1618,700,34,15,16,7
1619,700,16,18,14,5
1620,700,30,2,3,4
1621,700,21,5,2,3
1622,700,22,2,4,2
1623,700,29,5,1,1
1624,700,51,16,12,19
1625,700,17,15,17,9
1626,700,49,17,19,20
1627,700,42,6,21,13
1628,701,14,3,7,4
1629,701,7,0,6,20
1630,701,49,17,19,19
1631,701,50,17,18,18
1632,701,20,16,11,17
1633,701,51,16,12,15
1634,701,1,14,9,14
1635,701,42,6,21,13
1636,701,16,18,14,12
1637,701,34,15,16,11
1638,701,41,18,15,16
1639,701,30,2,3,9
1640,701,13,0,5,8
1641,701,22,2,4,7
1642,701,43,6,20,6
1643,701,17,15,17,5
1644,701,3,3,8,3
1645,701,21,5,2,2
1646,701,29,5,1,1
1647,701,48,14,10,10
1648,702,20,16,11,9
1649,702,22,2,4,10
1650,702,43,6,20,11
1651,702,34,15,16,12
1652,702,49,17,19,20
1653,702,42,6,21,13
1654,702,16,18,14,17
1655,702,48,14,10,15
1656,702,51,16,12,16
1657,702,50,17,18,18
1658,702,3,3,8,19
1659,702,41,18,15,8
1660,702,13,0,5,14
1661,702,17,15,17,7
1662,702,7,0,6,2
1663,702,21,5,2,5
1664,702,1,14,9,4
1665,702,30,2,3,3
1666,702,29,5,1,1
1667,702,14,3,7,6
1668,703,42,6,21,10
1669,703,16,18,14,9
1670,703,3,3,8,8
1671,703,21,5,2,7
1672,703,13,0,5,6
1673,703,29,5,1,5
1674,703,14,3,7,4
1675,703,30,2,3,3
1676,703,7,0,6,2
1677,703,17,15,17,20
1678,703,50,17,18,19
1679,703,49,17,19,18
1680,703,43,6,20,17
1681,703,51,16,12,16
1682,703,48,14,10,15
1683,703,1,14,9,14
1684,703,41,18,15,13
1685,703,20,16,11,12
1686,703,22,2,4,1
1687,703,34,15,16,11
1688,704,7,0,6,20
1689,704,49,17,19,15
1690,704,41,18,15,13
1691,704,20,16,11,16
1692,704,17,15,17,17
1693,704,50,17,18,18
1694,704,1,14,9,12
1695,704,13,0,5,11
1696,704,48,14,10,10
1697,704,42,6,21,9
1698,704,14,3,7,8
1699,704,43,6,20,7
1700,704,16,18,14,6
1701,704,21,5,2,5
1702,704,3,3,8,4
1703,704,29,5,1,3
1704,704,30,2,3,2
1705,704,22,2,4,1
1706,704,34,15,16,14
1707,704,51,16,12,19
1708,705,49,17,19,18
1709,705,1,14,9,20
1710,705,34,15,16,17
1711,705,29,5,1,2
1712,705,22,2,4,3
1713,705,30,2,3,4
1714,705,21,5,2,5
1715,705,14,3,7,6
1716,705,43,6,20,7
1717,705,3,3,8,8
1718,705,13,0,5,9
1719,705,42,6,21,10
1720,705,16,18,14,11
1721,705,17,15,17,12
1722,705,20,16,11,13
1723,705,51,16,12,14
1724,705,50,17,18,19
1725,705,48,14,10,15
1726,705,41,18,15,16
1727,705,7,0,6,1
1728,706,22,2,4,1
1729,706,51,16,12,18
1730,706,20,16,11,17
1731,706,48,14,10,16
1732,706,1,14,9,15
1733,706,17,15,17,14
1734,706,42,6,21,13
1735,706,34,15,16,12
1736,706,41,18,15,11
1737,706,30,2,3,2
1738,706,16,18,14,9
1739,706,43,6,20,10
1740,706,29,5,1,3
1741,706,50,17,18,20
1742,706,49,17,19,19
1743,706,21,5,2,8
1744,706,13,0,5,5
1745,706,14,3,7,6
1746,706,3,3,8,7
1747,706,7,0,6,4
1748,707,1,14,9,16
1749,707,20,16,11,15
1750,707,48,14,10,14
1751,707,43,6,20,13
1752,707,13,0,5,12
1753,707,16,18,14,11
1754,707,41,18,15,10
1755,707,3,3,8,8
1756,707,30,2,3,7
1757,707,42,6,21,6
1758,707,22,2,4,4
1759,707,7,0,6,3
1760,707,14,3,7,2
1761,707,49,17,19,19
1762,707,17,15,17,20
1763,707,34,15,16,9
1764,707,29,5,1,5
1765,707,50,17,18,18
1766,707,21,5,2,1
1767,707,51,16,12,17
1768,708,52,17,18,20
1769,708,51,16,12,18
1770,708,17,15,17,17
1771,708,50,18,15,16
1772,708,1,14,9,15
1773,708,48,14,10,14
1774,708,34,15,16,13
1775,708,20,16,11,12
1776,708,16,18,14,11
1777,708,49,17,19,19
1778,708,42,6,21,9
1779,708,13,0,5,10
1780,708,30,2,3,1
1781,708,21,5,2,3
1782,708,14,3,7,4
1783,708,22,2,4,2
1784,708,29,5,1,6
1785,708,43,6,20,7
1786,708,3,3,8,8
1787,708,7,0,6,5
1788,709,48,14,10,17
1789,709,34,15,16,16
1790,709,42,6,21,15
1791,709,17,15,17,14
1792,709,20,16,11,13
1793,709,50,18,15,12
1794,709,43,6,20,10
1795,709,21,5,2,5
1796,709,29,5,1,8
1797,709,7,0,6,7
1798,709,14,3,7,6
1799,709,30,2,3,4
1800,709,16,18,14,3
1801,709,22,2,4,2
1802,709,3,3,8,1
1803,709,49,17,19,18
1804,709,13,0,5,9
1805,709,46,16,12,19
1806,709,1,14,9,11
1807,709,52,17,18,20
1808,710,29,5,1,1
1809,710,46,16,12,18
1810,710,52,17,18,19
1811,710,3,3,8,20
1812,710,49,17,19,17
1813,710,50,18,15,15
1814,710,48,14,10,14
1815,710,20,16,11,13
1816,710,42,6,21,12
1817,710,16,18,14,11
1818,710,1,14,9,16
1819,710,47,2,4,5
1820,710,43,6,20,9
1821,710,13,0,5,8
1822,710,17,15,17,7
1823,710,30,2,3,2
1824,710,14,3,7,6
1825,710,34,15,16,10
1826,710,7,0,6,4
1827,710,21,5,2,3
1828,711,16,18,14,14
1829,711,1,14,9,13
1830,711,34,15,16,12
1831,711,17,15,17,11
1832,711,14,3,7,10
1833,711,22,2,4,5
1834,711,7,0,6,1
1835,711,21,5,2,2
1836,711,43,6,20,3
1837,711,30,2,3,4
1838,711,48,14,10,15
1839,711,3,3,8,6
1840,711,42,6,21,9
1841,711,50,18,15,16
1842,711,29,5,1,7
1843,711,20,16,11,17
1844,711,51,16,12,18
1845,711,49,17,19,19
1846,711,52,17,18,20
1847,711,13,0,5,8
1848,712,51,16,12,15
1849,712,21,5,2,1
1850,712,30,2,3,2
1851,712,42,6,21,3
1852,712,43,6,20,4
1853,712,3,3,8,5
1854,712,16,18,14,6
1855,712,13,0,5,7
1856,712,17,15,17,9
1857,712,50,18,15,10
1858,712,1,14,9,11
1859,712,48,14,10,12
1860,712,10,15,16,13
1861,712,49,17,19,17
1862,712,20,16,11,16
1863,712,29,5,1,14
1864,712,7,0,6,8
1865,712,22,2,4,19
1866,712,14,3,7,20
1867,712,52,17,18,18
1868,713,29,5,1,1
1869,713,45,17,20,20
1870,713,31,18,15,19
1871,713,43,6,17,18
1872,713,46,17,21,17
1873,713,44,16,19,16
1874,713,20,14,11,14
1875,713,42,6,16,13
1876,713,13,0,5,12
1877,713,1,16,18,15
1878,713,7,0,6,10
1879,713,14,3,7,9
1880,713,22,2,4,8
1881,713,10,15,10,7
1882,713,16,18,14,6
1883,713,3,3,8,5
1884,713,17,15,9,4
1885,713,12,14,12,11
1886,713,30,2,3,3
1887,713,21,5,2,2
1888,714,1,16,18,15
1889,714,45,17,20,16
1890,714,46,17,21,17
1891,714,10,15,10,20
1892,714,3,3,8,19
1893,714,43,6,17,14
1894,714,44,16,19,18
1895,714,31,18,15,13
1896,714,20,14,11,12
1897,714,42,6,16,10
1898,714,13,0,5,9
1899,714,14,3,7,8
1900,714,22,2,4,7
1901,714,17,15,9,6
1902,714,7,0,6,5
1903,714,30,2,3,4
1904,714,21,5,2,3
1905,714,29,5,1,1
1906,714,16,18,14,2
1907,714,12,14,12,11
1908,715,30,2,3,3
1909,715,42,6,16,9
1910,715,43,6,17,8
1911,715,29,5,1,1
1912,715,17,15,9,6
1913,715,10,15,10,5
1914,715,21,5,2,2
1915,715,14,3,7,7
1916,715,13,0,5,10
1917,715,16,18,14,14
1918,715,31,18,15,12
1919,715,12,14,12,13
1920,715,1,16,18,15
1921,715,44,16,19,16
1922,715,3,3,8,17
1923,715,45,17,20,18
1924,715,46,17,21,19
1925,715,7,0,6,20
1926,715,20,14,11,11
1927,715,22,2,4,4
1928,716,17,15,9,1
1929,716,20,14,11,19
1930,716,22,2,4,5
1931,716,7,0,6,20
1932,716,29,5,1,2
1933,716,46,17,21,18
1934,716,45,17,20,17
1935,716,1,16,18,16
1936,716,44,16,19,15
1937,716,31,18,15,14
1938,716,43,6,17,13
1939,716,12,14,12,12
1940,716,13,0,5,11
1941,716,42,6,16,10
1942,716,14,3,7,9
1943,716,16,18,14,8
1944,716,10,15,10,7
1945,716,3,3,8,6
1946,716,21,5,2,4
1947,716,30,2,3,3
1948,717,13,0,5,10
1949,717,1,16,18,15
1950,717,29,5,1,1
1951,717,30,2,3,2
1952,717,10,15,10,3
1953,717,14,3,7,4
1954,717,21,5,2,5
1955,717,22,2,4,6
1956,717,17,15,9,14
1957,717,43,6,17,7
1958,717,16,18,14,9
1959,717,46,17,21,20
1960,717,44,16,19,19
1961,717,45,17,20,18
1962,717,12,14,12,17
1963,717,31,18,15,16
1964,717,3,3,8,8
1965,717,42,6,16,11
1966,717,20,14,11,12
1967,717,7,0,6,13
1968,718,46,17,21,19
1969,718,45,17,20,20
1970,718,44,16,19,18
1971,718,1,16,18,17
1972,718,12,14,12,16
1973,718,42,6,16,15
1974,718,31,18,15,14
1975,718,43,6,17,13
1976,718,16,18,14,12
1977,718,20,14,11,11
1978,718,30,2,3,10
1979,718,10,15,10,8
1980,718,21,5,2,7
1981,718,13,0,5,9
1982,718,29,5,1,5
1983,718,3,3,8,4
1984,718,17,15,9,3
1985,718,22,2,4,2
1986,718,14,3,7,1
1987,718,7,0,6,6
1988,719,43,6,17,10
1989,719,42,6,16,11
1990,719,31,18,15,12
1991,719,45,17,20,20
1992,719,1,16,18,13
1993,719,46,17,21,17
1994,719,13,0,5,18
1995,719,12,14,12,16
1996,719,44,16,19,15
1997,719,16,18,14,14
1998,719,22,2,4,9
1999,719,20,14,11,19
2000,719,30,2,3,8
2001,719,21,5,2,7
2002,719,17,15,9,5
2003,719,7,0,6,4
2004,719,14,3,7,3
2005,719,10,15,10,2
2006,719,29,5,1,1
2007,719,3,3,8,6
2008,720,43,6,17,13
2009,720,13,0,5,9
2010,720,31,18,15,10
2011,720,20,14,11,11
2012,720,42,6,16,12
2013,720,45,17,20,20
2014,720,9,16,19,16
2015,720,46,17,21,18
2016,720,10,15,10,17
2017,720,1,16,18,15
2018,720,16,18,14,14
2019,720,7,0,6,8
2020,720,12,14,12,19
2021,720,21,5,2,7
2022,720,22,2,4,1
2023,720,3,3,8,5
2024,720,30,2,3,4
2025,720,14,3,7,3
2026,720,17,15,9,2
2027,720,29,5,1,6
2028,721,43,6,17,8
2029,721,22,2,4,6
2030,721,3,3,8,9
2031,721,16,18,14,10
2032,721,20,14,11,14
2033,721,12,14,12,15
2034,721,1,16,18,16
2035,721,44,16,19,17
2036,721,45,17,20,18
2037,721,7,0,6,7
2038,721,30,2,3,5
2039,721,13,0,5,12
2040,721,10,15,10,3
2041,721,42,6,16,11
2042,721,31,18,15,13
2043,721,17,15,9,4
2044,721,14,3,7,20
2045,721,29,5,1,2
2046,721,21,5,2,1
2047,721,46,17,21,19
2048,722,12,14,12,16
2049,722,46,17,21,20
2050,722,45,17,20,19
2051,722,1,16,18,17
2052,722,29,5,1,2
2053,722,13,0,5,3
2054,722,17,15,9,4
2055,722,14,3,7,5
2056,722,30,2,3,6
2057,722,10,15,10,7
2058,722,7,0,6,9
2059,722,21,5,2,10
2060,722,42,6,16,11
2061,722,16,18,14,12
2062,722,31,18,15,13
2063,722,43,6,17,14
2064,722,20,14,11,15
2065,722,47,2,4,8
2066,722,44,16,19,18
2067,722,3,3,8,1
2068,723,12,14,12,11
2069,723,17,15,9,3
2070,723,29,5,1,4
2071,723,14,3,7,5
2072,723,3,3,8,6
2073,723,13,0,5,7
2074,723,30,2,3,8
2075,723,21,5,2,2
2076,723,10,15,10,9
2077,723,20,14,11,20
2078,723,43,6,17,12
2079,723,47,2,4,13
2080,723,42,6,16,14
2081,723,31,18,15,15
2082,723,44,16,19,16
2083,723,1,16,18,17
2084,723,16,18,14,10
2085,723,7,0,6,1
2086,723,46,17,21,19
2087,723,45,17,20,18
2088,724,30,2,3,2
2089,724,1,16,18,18
2090,724,44,16,19,17
2091,724,12,14,12,16
2092,724,42,6,16,15
2093,724,20,14,11,14
2094,724,31,18,15,13
2095,724,16,18,14,12
2096,724,41,2,4,11
2097,724,10,15,10,9
2098,724,21,5,2,8
2099,724,14,3,7,7
2100,724,3,3,8,6
2101,724,13,0,5,5
2102,724,7,0,6,4
2103,724,43,6,17,10
2104,724,29,5,1,1
2105,724,17,15,9,3
2106,724,46,17,21,20
2107,724,45,17,20,19
2108,725,12,14,12,20
2109,725,45,17,20,19
2110,725,46,17,21,18
2111,725,44,16,19,17
2112,725,1,16,18,16
2113,725,40,6,16,15
2114,725,31,18,15,14
2115,725,43,6,17,13
2116,725,10,15,10,3
2117,725,7,0,6,10
2118,725,14,3,7,9
2119,725,30,2,3,7
2120,725,41,2,4,6
2121,725,3,3,8,5
2122,725,21,5,2,2
2123,725,17,15,9,4
2124,725,16,18,14,11
2125,725,13,0,5,12
2126,725,20,14,11,8
2127,725,29,5,1,1
2128,726,3,3,8,3
2129,726,29,5,1,2
2130,726,14,3,7,1
2131,726,40,6,16,20
2132,726,44,16,19,19
2133,726,46,17,21,18
2134,726,45,17,20,17
2135,726,1,16,18,16
2136,726,10,15,10,15
2137,726,41,2,4,14
2138,726,17,15,9,12
2139,726,30,2,3,11
2140,726,7,0,6,10
2141,726,43,6,17,9
2142,726,12,14,12,8
2143,726,16,18,14,7
2144,726,21,5,2,6
2145,726,20,14,11,5
2146,726,31,18,15,13
2147,726,13,0,5,4
2148,727,30,2,3,2
2149,727,21,5,2,1
2150,727,41,2,4,8
2151,727,3,3,8,4
2152,727,13,0,5,10
2153,727,40,6,16,11
2154,727,16,18,14,12
2155,727,29,5,1,3
2156,727,31,18,15,14
2157,727,20,14,11,15
2158,727,12,14,12,16
2159,727,43,6,17,13
2160,727,44,16,19,18
2161,727,46,17,20,19
2162,727,45,17,21,20
2163,727,7,0,6,7
2164,727,17,15,9,6
2165,727,10,15,10,5
2166,727,14,3,7,9
2167,727,1,16,18,17
2168,728,34,3,7,13
2169,728,40,6,16,14
2170,728,1,16,18,15
2171,728,45,17,20,19
2172,728,9,16,19,17
2173,728,46,17,21,18
2174,728,29,5,1,20
2175,728,31,18,15,16
2176,728,16,18,14,12
2177,728,10,15,10,9
2178,728,13,0,5,10
2179,728,43,6,17,8
2180,728,20,14,11,7
2181,728,3,3,8,6
2182,728,22,2,4,5
2183,728,12,14,12,4
2184,728,17,15,9,3
2185,728,7,0,6,2
2186,728,21,5,2,1
2187,728,30,2,3,11
2188,729,3,3,8,11
2189,729,43,6,17,10
2190,729,34,3,7,9
2191,729,7,0,6,12
2192,729,13,0,5,8
2193,729,16,18,14,3
2194,729,14,6,16,6
2195,729,17,15,9,5
2196,729,10,15,10,4
2197,729,22,2,4,2
2198,729,29,5,1,1
2199,729,20,14,11,7
2200,729,30,2,3,13
2201,729,12,14,12,20
2202,729,21,5,2,15
2203,729,1,16,18,16
2204,729,9,16,19,17
2205,729,45,17,20,18
2206,729,46,17,21,19
2207,729,31,18,15,14
2208,730,45,17,20,20
2209,730,46,17,21,19
2210,730,9,16,19,18
2211,730,1,16,18,17
2212,730,31,18,15,16
2213,730,40,6,17,15
2214,730,34,3,7,14
2215,730,16,18,14,12
2216,730,20,14,11,11
2217,730,13,0,5,13
2218,730,3,3,8,9
2219,730,14,6,16,10
2220,730,30,2,3,2
2221,730,7,0,6,3
2222,730,12,14,12,4
2223,730,21,5,2,1
2224,730,10,15,10,6
2225,730,22,2,4,7
2226,730,29,5,1,8
2227,730,17,15,9,5
2228,731,38,16,19,12
2229,731,10,15,4,19
2230,731,29,5,1,18
2231,731,26,17,21,17
2232,731,39,17,20,16
2233,731,22,6,17,15
2234,731,32,16,18,14
2235,731,3,3,5,13
2236,731,21,5,2,11
2237,731,12,14,12,20
2238,731,30,0,10,9
2239,731,7,0,9,10
2240,731,14,6,16,2
2241,731,16,2,7,3
2242,731,34,14,11,4
2243,731,20,3,6,1
2244,731,31,8,15,6
2245,731,1,2,8,7
2246,731,17,15,3,8
2247,731,13,8,14,5
2248,732,12,14,12,14
2249,732,26,17,21,20
2250,732,39,17,20,19
2251,732,32,16,18,18
2252,732,38,16,19,17
2253,732,34,14,11,16
2254,732,18,15,4,15
2255,732,29,5,1,13
2256,732,21,5,2,12
2257,732,14,6,16,2
2258,732,1,2,8,10
2259,732,17,15,3,9
2260,732,13,8,14,8
2261,732,31,8,15,7
2262,732,7,0,9,6
2263,732,22,6,17,5
2264,732,16,2,7,4
2265,732,20,3,6,3
2266,732,30,0,10,11
2267,732,3,3,5,1
2268,733,13,8,14,14
2269,733,21,5,2,15
2270,733,34,14,11,16
2271,733,10,15,4,13
2272,733,38,16,19,18
2273,733,26,17,21,19
2274,733,39,17,20,20
2275,733,32,16,18,17
2276,733,12,14,12,12
2277,733,31,8,15,7
2278,733,20,3,6,10
2279,733,7,0,9,9
2280,733,36,0,10,8
2281,733,22,6,17,6
2282,733,16,2,7,5
2283,733,1,2,8,4
2284,733,14,6,16,3
2285,733,29,5,1,2
2286,733,17,15,3,11
2287,733,3,3,5,1
2288,734,29,5,1,14
2289,734,13,8,14,15
2290,734,23,8,15,16
2291,734,26,17,21,20
2292,734,32,16,18,18
2293,734,39,17,20,19
2294,734,20,3,6,13
2295,734,38,16,19,17
2296,734,34,14,11,12
2297,734,14,6,16,5
2298,734,21,5,2,10
2299,734,1,2,8,9
2300,734,12,14,12,8
2301,734,24,0,10,7
2302,734,10,15,4,6
2303,734,16,2,7,4
2304,734,17,15,3,3
2305,734,3,3,5,2
2306,734,7,0,9,1
2307,734,22,6,17,11
2308,735,38,16,19,13
2309,735,32,16,18,14
2310,735,21,5,2,18
2311,735,1,2,8,17
2312,735,34,14,11,12
2313,735,39,17,20,16
2314,735,23,8,15,11
2315,735,26,17,21,15
2316,735,13,8,14,9
2317,735,12,14,12,10
2318,735,7,0,9,1
2319,735,16,2,7,2
2320,735,3,3,5,3
2321,735,14,6,16,5
2322,735,20,3,6,6
2323,735,30,0,10,7
2324,735,29,5,1,8
2325,735,22,6,17,4
2326,736,22,6,17,18
2327,736,38,16,19,17
2328,736,30,0,10,16
2329,736,32,16,18,15
2330,736,26,17,21,14
2331,736,39,17,20,13
2332,736,23,8,15,12
2333,736,12,14,12,11
2334,736,34,14,11,9
2335,736,29,5,1,8
2336,736,13,8,14,7
2337,736,14,6,16,5
2338,736,20,3,6,4
2339,736,16,2,7,3
2340,736,3,3,5,2
2341,736,7,0,9,1
2342,736,21,5,2,10
2343,736,1,2,8,6
2344,737,7,0,9,2
2345,737,1,2,8,1
2346,737,26,17,21,20
2347,737,38,16,19,19
2348,737,39,17,20,18
2349,737,32,16,18,17
2350,737,10,15,4,16
2351,737,23,8,15,14
2352,737,17,15,3,13
2353,737,13,8,14,12
2354,737,34,14,11,15
2355,737,29,5,1,10
2356,737,12,14,12,11
2357,737,14,6,16,4
2358,737,30,0,10,5
2359,737,3,3,5,6
2360,737,16,2,7,3
2361,737,22,6,17,8
2362,737,20,3,6,9
2363,737,21,5,2,7
2364,738,13,8,14,12
2365,738,39,17,20,19
2366,738,32,16,18,18
2367,738,38,16,19,17
2368,738,31,8,15,16
2369,738,26,17,21,15
2370,738,16,2,7,14
2371,738,1,2,8,13
2372,738,12,14,12,11
2373,738,10,15,4,6
2374,738,14,6,16,9
2375,738,34,14,11,8
2376,738,7,0,9,7
2377,738,30,0,10,5
2378,738,20,3,6,4
2379,738,3,3,5,3
2380,738,29,5,1,2
2381,738,21,5,2,20
2382,738,22,6,17,10
2383,738,17,15,3,1
2384,739,14,6,16,1
2385,739,17,15,3,3
2386,739,7,0,9,2
2387,739,39,17,20,20
2388,739,38,16,19,19
2389,739,26,17,21,18
2390,739,32,16,18,17
2391,739,1,2,8,15
2392,739,31,8,15,14
2393,739,40,6,17,13
2394,739,13,8,14,16
2395,739,30,0,10,11
2396,739,12,14,12,10
2397,739,16,2,7,9
2398,739,10,15,4,8
2399,739,21,5,2,7
2400,739,3,3,5,6
2401,739,29,5,1,5
2402,739,34,14,11,12
2403,739,20,3,6,4
2404,740,16,2,7,13
2405,740,1,2,8,14
2406,740,13,8,14,15
2407,740,32,16,18,19
2408,740,38,16,19,17
2409,740,39,17,20,18
2410,740,22,6,17,12
2411,740,31,8,15,16
2412,740,34,14,11,11
2413,740,14,6,16,2
2414,740,30,0,10,9
2415,740,17,15,3,8
2416,740,20,3,6,7
2417,740,21,5,2,6
2418,740,10,15,4,5
2419,740,29,5,1,4
2420,740,7,0,9,3
2421,740,3,3,5,1
2422,740,12,14,12,10
2423,740,26,17,21,20
2424,741,14,6,16,5
2425,741,39,17,20,19
2426,741,7,0,9,2
2427,741,17,15,3,3
2428,741,30,0,10,4
2429,741,32,16,18,20
2430,741,26,17,21,18
2431,741,38,16,19,17
2432,741,3,3,5,1
2433,741,31,8,15,15
2434,741,12,14,12,16
2435,741,13,8,14,13
2436,741,16,2,7,12
2437,741,34,14,11,11
2438,741,29,5,1,10
2439,741,22,6,17,9
2440,741,10,15,4,8
2441,741,20,3,6,7
2442,741,21,5,2,6
2443,741,1,2,8,14
2444,742,37,17,20,17
2445,742,32,16,18,18
2446,742,17,15,3,2
2447,742,30,0,10,19
2448,742,14,6,16,9
2449,742,10,15,4,8
2450,742,31,8,15,10
2451,742,26,17,21,16
2452,742,38,16,19,20
2453,742,1,2,8,7
2454,742,29,5,1,5
2455,742,20,3,6,4
2456,742,3,3,5,3
2457,742,21,5,2,15
2458,742,34,14,11,14
2459,742,12,14,12,13
2460,742,22,6,17,12
2461,742,13,8,14,11
2462,742,16,2,7,6
2463,742,7,0,9,1
2464,743,37,17,20,19
2465,743,12,14,12,14
2466,743,26,17,21,17
2467,743,16,2,7,16
2468,743,1,2,8,12
2469,743,38,16,19,18
2470,743,34,14,11,15
2471,743,31,8,15,11
2472,743,21,5,2,7
2473,743,20,3,6,9
2474,743,17,15,3,8
2475,743,3,3,5,6
2476,743,22,6,17,5
2477,743,7,0,9,4
2478,743,14,6,16,3
2479,743,30,0,10,2
2480,743,29,5,1,1
2481,743,10,15,4,10
2482,743,32,16,18,20
2483,743,13,8,14,13
2484,744,17,15,3,13
2485,744,10,15,4,14
2486,744,29,5,1,20
2487,744,38,16,19,19
2488,744,34,14,11,18
2489,744,37,17,20,17
2490,744,32,16,18,15
2491,744,7,0,9,1
2492,744,20,3,6,2
2493,744,3,3,5,3
2494,744,26,17,21,16
2495,744,14,6,16,5
2496,744,1,2,8,6
2497,744,16,2,7,7
2498,744,12,14,12,8
2499,744,22,6,17,9
2500,744,31,8,15,10
2501,744,21,5,2,11
2502,744,30,0,10,4
2503,744,13,8,14,12
2504,745,16,2,7,14
2505,745,12,14,12,15
2506,745,41,2,8,16
2507,745,26,17,21,20
2508,745,37,17,20,18
2509,745,38,16,19,19
2510,745,31,8,15,13
2511,745,32,16,18,17
2512,745,34,14,11,12
2513,745,10,15,4,5
2514,745,22,6,17,10
2515,745,20,3,6,9
2516,745,21,5,2,8
2517,745,29,5,1,7
2518,745,14,6,16,6
2519,745,17,15,3,4
2520,745,3,3,5,3
2521,745,30,0,10,2
2522,745,13,8,14,11
2523,745,7,0,9,1
2524,746,37,17,20,17
2525,746,26,17,21,18
2526,746,32,16,18,19
2527,746,38,16,19,20
2528,746,41,2,8,15
2529,746,31,8,15,16
2530,746,30,0,10,1
2531,746,13,8,14,12
2532,746,10,15,4,11
2533,746,34,14,11,14
2534,746,17,15,3,9
2535,746,12,14,12,8
2536,746,21,5,2,13
2537,746,22,6,17,6
2538,746,3,3,5,5
2539,746,14,6,16,4
2540,746,20,3,6,3
2541,746,7,0,9,2
2542,746,29,5,1,7
2543,746,16,2,7,10
2544,747,37,17,20,20
2545,747,10,15,4,19
2546,747,26,17,21,18
2547,747,38,16,19,17
2548,747,13,8,14,16
2549,747,16,2,7,14
2550,747,32,16,18,13
2551,747,41,2,8,15
2552,747,22,6,17,11
2553,747,21,5,2,10
2554,747,12,14,12,9
2555,747,14,6,16,8
2556,747,3,3,5,1
2557,747,29,5,1,7
2558,747,31,8,15,6
2559,747,7,0,9,5
2560,747,17,15,3,4
2561,747,20,3,6,3
2562,747,30,0,10,2
2563,747,34,14,11,12
2564,748,14,6,16,19
2565,748,30,0,10,18
2566,748,29,5,1,14
2567,748,3,3,5,16
2568,748,37,17,20,15
2569,748,32,16,18,20
2570,748,26,17,21,13
2571,748,7,0,9,17
2572,748,12,14,12,10
2573,748,13,8,14,6
2574,748,34,14,11,8
2575,748,16,2,7,7
2576,748,10,15,4,5
2577,748,31,8,15,4
2578,748,20,3,6,3
2579,748,17,15,3,2
2580,748,22,6,17,1
2581,748,41,2,8,12
2582,748,21,5,2,9
2583,748,38,16,19,11
2584,749,29,5,1,6
2585,749,20,3,6,2
2586,749,3,3,5,1
2587,749,37,17,20,20
2588,749,32,16,18,19
2589,749,26,17,21,18
2590,749,34,14,11,16
2591,749,38,16,19,15
2592,749,31,8,15,14
2593,749,41,2,8,13
2594,749,10,15,4,17
2595,749,12,14,12,11
2596,749,16,2,7,10
2597,749,22,6,17,9
2598,749,21,5,2,8
2599,749,13,8,14,7
2600,749,30,0,10,5
2601,749,17,15,3,4
2602,749,7,0,9,3
2603,749,14,6,16,12
2604,750,23,4,20,15
2605,750,25,4,21,16
2606,750,22,6,7,17
2607,750,26,12,19,18
2608,750,7,0,3,22
2609,750,10,7,22,20
2610,750,33,7,23,21
2611,750,14,6,8,14
2612,750,32,12,18,19
2613,750,13,8,14,13
2614,750,17,10,12,3
2615,750,34,1,17,11
2616,750,2,2,10,12
2617,750,12,5,6,2
2618,750,3,3,1,4
2619,750,30,0,4,5
2620,750,29,5,5,1
2621,750,16,2,9,7
2622,750,31,8,15,8
2623,750,20,3,2,9
2624,750,1,1,16,10
2625,750,21,10,11,6
2626,751,34,1,17,14
2627,751,33,7,23,22
2628,751,10,7,22,21
2629,751,32,12,18,20
2630,751,26,12,19,19
2631,751,23,4,20,18
2632,751,25,4,21,17
2633,751,12,5,6,16
2634,751,1,1,16,15
2635,751,14,6,8,13
2636,751,21,10,11,12
2637,751,13,8,14,11
2638,751,22,6,7,10
2639,751,31,8,15,9
2640,751,3,3,1,8
2641,751,7,0,3,7
2642,751,30,0,4,6
2643,751,16,2,9,5
2644,751,29,5,5,4
2645,751,2,2,10,3
2646,751,17,10,12,2
2647,751,20,3,2,1
2648,752,2,2,10,15
2649,752,12,5,6,16
2650,752,21,10,11,17
2651,752,33,7,23,22
2652,752,32,12,18,20
2653,752,10,7,22,21
2654,752,31,8,15,14
2655,752,25,4,21,19
2656,752,23,4,20,13
2657,752,26,12,19,18
2658,752,29,5,5,11
2659,752,13,8,14,12
2660,752,17,10,12,1
2661,752,20,3,2,2
2662,752,7,0,3,4
2663,752,30,0,4,5
2664,752,3,3,1,3
2665,752,16,2,9,7
2666,752,1,1,16,8
2667,752,34,1,17,9
2668,752,22,6,7,6
2669,752,14,6,8,10
2670,753,33,7,23,22
2671,753,26,12,19,20
2672,753,32,12,18,19
2673,753,31,8,15,17
2674,753,23,4,20,16
2675,753,1,1,16,15
2676,753,13,8,14,14
2677,753,2,2,10,13
2678,753,34,1,17,12
2679,753,10,7,22,21
2680,753,16,2,9,10
2681,753,20,3,2,11
2682,753,29,5,5,1
2683,753,17,10,12,2
2684,753,21,10,11,3
2685,753,12,5,6,4
2686,753,25,4,21,18
2687,753,22,6,7,6
2688,753,30,0,4,7
2689,753,7,0,3,8
2690,753,14,6,8,9
2691,753,3,3,1,5
2692,754,35,7,23,22
2693,754,10,7,22,21
2694,754,32,12,18,20
2695,754,25,4,21,19
2696,754,26,12,19,18
2697,754,31,8,15,17
2698,754,23,4,20,16
2699,754,1,1,16,15
2700,754,20,3,2,13
2701,754,16,2,9,10
2702,754,22,6,7,11
2703,754,30,0,4,9
2704,754,34,1,17,8
2705,754,17,10,12,6
2706,754,7,0,3,5
2707,754,21,10,11,4
2708,754,12,5,6,3
2709,754,29,5,5,2
2710,754,3,3,1,1
2711,754,2,2,10,12
2712,754,14,6,8,7
2713,754,13,8,14,14
2714,755,25,4,21,17
2715,755,13,8,14,22
2716,755,35,7,23,21
2717,755,10,7,22,20
2718,755,26,12,19,19
2719,755,32,12,18,18
2720,755,23,4,20,16
2721,755,31,8,15,15
2722,755,34,1,17,14
2723,755,30,0,4,12
2724,755,16,2,9,11
2725,755,2,2,10,13
2726,755,7,0,3,9
2727,755,17,10,12,8
2728,755,14,6,8,7
2729,755,22,6,7,6
2730,755,21,10,11,5
2731,755,12,5,6,4
2732,755,29,5,5,3
2733,755,20,3,2,2
2734,755,3,3,1,1
2735,755,1,1,16,10
2736,756,2,2,10,8
2737,756,31,8,15,11
2738,756,22,6,7,10
2739,756,20,3,2,9
2740,756,13,8,14,7
2741,756,1,1,16,15
2742,756,30,0,4,4
2743,756,7,0,3,3
2744,756,16,2,9,2
2745,756,3,3,1,1
2746,756,23,4,20,12
2747,756,21,10,11,5
2748,756,17,10,12,13
2749,756,14,6,8,6
2750,756,26,12,19,16
2751,756,32,12,18,17
2752,756,25,4,21,18
2753,756,10,7,22,19
2754,756,35,7,23,20
2755,756,12,5,6,21
2756,756,29,5,5,22
2757,756,34,1,17,14
2758,757,16,2,9,17
2759,757,31,8,15,14
2760,757,25,4,21,15
2761,757,32,12,18,16
2762,757,35,7,23,21
2763,757,17,10,12,19
2764,757,10,7,22,20
2765,757,23,4,20,13
2766,757,14,6,8,22
2767,757,26,12,19,18
2768,757,2,2,10,12
2769,757,13,8,14,11
2770,757,34,1,17,10
2771,757,7,0,3,2
2772,757,29,5,5,3
2773,757,12,5,6,4
2774,757,20,3,2,5
2775,757,3,3,1,1
2776,757,22,6,7,7
2777,757,30,0,4,8
2778,757,1,1,16,9
2779,757,21,10,11,6
2780,758,22,6,7,14
2781,758,10,7,22,21
2782,758,26,12,19,20
2783,758,32,12,18,19
2784,758,25,4,21,18
2785,758,16,2,9,17
2786,758,13,8,14,16
2787,758,23,4,20,15
2788,758,1,1,16,13
2789,758,30,0,4,7
2790,758,34,1,17,11
2791,758,12,5,6,10
2792,758,21,10,11,9
2793,758,17,10,12,8
2794,758,14,6,8,4
2795,758,7,0,3,3
2796,758,20,3,2,2
2797,758,3,3,1,1
2798,758,35,7,23,22
2799,758,31,8,15,12
2800,758,29,5,5,5
2801,758,2,2,10,6
2802,759,20,3,2,3
2803,759,35,7,23,22
2804,759,23,4,20,21
2805,759,14,6,8,20
2806,759,2,2,10,19
2807,759,10,7,22,18
2808,759,13,8,14,17
2809,759,32,12,18,15
2810,759,26,12,19,14
2811,759,25,4,21,13
2812,759,16,2,9,12
2813,759,31,8,15,16
2814,759,1,1,16,10
2815,759,30,0,4,11
2816,759,12,5,6,2
2817,759,21,10,11,4
2818,759,3,3,1,5
2819,759,29,5,5,1
2820,759,17,10,12,7
2821,759,22,6,7,8
2822,759,7,0,3,9
2823,759,34,1,17,6
2824,760,31,8,15,13
2825,760,35,7,23,21
2826,760,32,12,18,20
2827,760,17,10,12,19
2828,760,34,1,17,18
2829,760,23,4,20,17
2830,760,26,12,19,16
2831,760,25,4,21,15
2832,760,21,10,11,14
2833,760,1,1,16,12
2834,760,29,5,5,1
2835,760,13,8,14,10
2836,760,2,2,10,9
2837,760,36,0,4,8
2838,760,20,3,2,7
2839,760,7,0,3,6
2840,760,22,6,7,5
2841,760,14,6,8,4
2842,760,3,3,1,3
2843,760,12,5,6,2
2844,760,10,7,22,22
2845,760,16,2,9,11
2846,761,7,0,3,1
2847,761,12,5,6,3
2848,761,26,12,19,18
2849,761,29,5,5,2
2850,761,25,4,21,22
2851,761,28,7,23,21
2852,761,32,12,18,20
2853,761,10,7,22,19
2854,761,23,4,20,17
2855,761,1,1,16,16
2856,761,2,2,10,15
2857,761,14,6,8,13
2858,761,34,1,17,14
2859,761,16,2,9,11
2860,761,13,8,14,10
2861,761,36,0,4,9
2862,761,22,6,7,8
2863,761,3,3,1,7
2864,761,21,10,11,6
2865,761,20,3,2,5
2866,761,17,10,12,4
2867,761,31,8,15,12
2868,762,23,4,20,17
2869,762,3,3,1,15
2870,762,32,12,18,16
2871,762,2,2,10,18
2872,762,16,2,9,6
2873,762,10,7,22,20
2874,762,26,12,19,21
2875,762,28,7,23,22
2876,762,31,8,15,14
2877,762,25,4,21,19
2878,762,13,8,14,13
2879,762,21,10,11,3
2880,762,1,1,16,11
2881,762,8,1,17,10
2882,762,14,6,8,9
2883,762,20,3,2,8
2884,762,22,6,7,7
2885,762,36,0,4,5
2886,762,17,10,12,4
2887,762,12,5,6,2
2888,762,7,0,3,1
2889,762,29,5,5,12
2890,763,26,12,19,16
2891,763,25,4,21,18
2892,763,13,8,14,17
2893,763,23,4,20,19
2894,763,22,6,7,5
2895,763,28,7,23,21
2896,763,10,7,22,22
2897,763,2,2,10,15
2898,763,32,12,18,20
2899,763,21,10,11,14
2900,763,3,3,1,3
2901,763,36,0,4,12
2902,763,31,8,15,11
2903,763,16,2,9,10
2904,763,8,1,17,9
2905,763,7,0,3,8
2906,763,17,10,12,7
2907,763,1,1,16,6
2908,763,29,5,5,2
2909,763,12,5,6,1
2910,763,14,6,8,13
2911,763,20,3,2,4
2912,764,25,4,21,15
2913,764,31,8,15,16
2914,764,23,4,20,17
2915,764,26,13,19,18
2916,764,28,7,23,22
2917,764,32,13,18,20
2918,764,10,7,22,21
2919,764,13,8,14,14
2920,764,16,2,9,19
2921,764,22,6,7,13
2922,764,12,5,6,4
2923,764,14,6,8,11
2924,764,3,3,1,10
2925,764,20,3,2,9
2926,764,21,10,11,8
2927,764,36,0,4,7
2928,764,8,1,17,6
2929,764,17,10,12,5
2930,764,1,1,16,3
2931,764,29,5,5,2
2932,764,7,0,3,1
2933,764,2,2,10,12
2934,765,2,2,10,15
2935,765,22,6,7,16
2936,765,14,6,8,17
2937,765,26,13,19,22
2938,765,28,7,23,19
2939,765,10,7,22,21
2940,765,16,2,9,14
2941,765,32,13,18,18
2942,765,23,4,20,13
2943,765,12,5,6,20
2944,765,25,4,21,11
2945,765,13,8,14,12
2946,765,3,3,1,1
2947,765,20,3,2,2
2948,765,21,10,11,3
2949,765,17,10,12,4
2950,765,8,1,17,9
2951,765,29,5,5,6
2952,765,36,0,4,7
2953,765,1,1,16,8
2954,765,37,8,15,10
2955,765,7,0,3,5
2956,766,28,7,23,22
2957,766,32,13,18,21
2958,766,10,7,22,20
2959,766,25,4,21,19
2960,766,37,8,15,18
2961,766,13,8,14,17
2962,766,26,13,19,16
2963,766,23,4,20,15
2964,766,16,2,9,14
2965,766,36,0,4,13
2966,766,8,1,17,12
2967,766,2,2,10,10
2968,766,1,1,16,9
2969,766,17,10,12,7
2970,766,20,3,2,6
2971,766,3,3,1,5
2972,766,14,6,8,4
2973,766,22,6,7,3
2974,766,29,5,5,2
2975,766,12,5,6,1
2976,766,7,0,3,11
2977,766,21,10,11,8
2978,767,12,5,6,1
2979,767,7,0,3,2
2980,767,3,3,1,4
2981,767,2,2,10,13
2982,767,13,8,14,19
2983,767,26,13,19,18
2984,767,25,4,21,17
2985,767,23,4,20,16
2986,767,37,8,15,15
2987,767,17,10,12,14
2988,767,32,13,18,22
2989,767,10,7,22,20
2990,767,36,0,4,12
2991,767,16,2,9,11
2992,767,29,5,5,10
2993,767,8,1,17,9
2994,767,1,1,16,8
2995,767,22,6,7,7
2996,767,20,3,2,6
2997,767,14,6,8,3
2998,767,21,10,11,5
2999,767,28,7,23,21
3000,768,3,0,1,2
3001,768,26,11,21,22
3002,768,7,5,6,1
3003,768,18,7,23,11
3004,768,1,1,9,3
3005,768,0,0,2,4
3006,768,8,1,10,5
3007,768,20,3,3,6
3008,768,16,8,15,7
3009,768,14,6,12,8
3010,768,22,6,11,9
3011,768,10,7,22,10
3012,768,23,4,18,20
3013,768,4,3,4,13
3014,768,17,10,7,14
3015,768,24,2,17,15
3016,768,12,5,5,16
3017,768,21,10,8,17
3018,768,15,11,20,21
3019,768,25,4,19,18
3020,768,13,8,14,19
3021,768,2,2,16,12
3022,769,15,11,20,22
3023,769,12,5,5,1
3024,769,26,11,21,21
3025,769,21,10,8,19
3026,769,3,0,1,2
3027,769,7,5,6,3
3028,769,0,0,2,4
3029,769,1,1,9,5
3030,769,2,2,16,6
3031,769,8,1,10,7
3032,769,14,6,12,8
3033,769,22,6,11,9
3034,769,16,8,15,10
3035,769,4,3,4,11
3036,769,20,3,3,12
3037,769,13,8,14,13
3038,769,10,7,22,14
3039,769,17,10,7,15
3040,769,23,4,18,16
3041,769,25,4,19,17
3042,769,18,7,23,18
3043,769,24,2,17,20
3044,770,26,11,12,22
3045,770,17,10,7,16
3046,770,15,11,20,20
3047,770,12,5,5,1
3048,770,0,0,2,2
3049,770,7,5,6,3
3050,770,3,0,1,4
3051,770,13,8,14,21
3052,770,8,1,10,6
3053,770,20,3,3,7
3054,770,16,8,15,8
3055,770,14,6,12,9
3056,770,2,2,16,10
3057,770,1,1,9,5
3058,770,4,3,4,12
3059,770,18,7,23,13
3060,770,22,6,11,14
3061,770,21,10,8,15
3062,770,10,7,22,17
3063,770,23,4,18,18
3064,770,25,4,19,19
3065,770,24,2,17,11
3066,771,21,10,8,12
3067,771,2,2,16,11
3068,771,20,3,3,10
3069,771,13,8,14,9
3070,771,4,3,4,8
3071,771,12,5,5,1
3072,771,14,6,12,6
3073,771,8,1,10,5
3074,771,0,0,2,4
3075,771,7,5,6,3
3076,771,3,0,1,2
3077,771,1,1,9,7
3078,771,10,7,22,13
3079,771,17,10,7,14
3080,771,23,4,18,16
3081,771,22,6,11,17
3082,771,24,2,17,18
3083,771,16,8,15,19
3084,771,15,11,20,20
3085,771,26,11,21,21
3086,771,25,4,19,22
3087,771,18,7,23,15
3088,772,4,3,4,15
3089,772,7,5,6,16
3090,772,18,7,23,17
3091,772,25,4,19,18
3092,772,26,11,21,22
3093,772,22,6,11,20
3094,772,10,7,22,21
3095,772,14,6,12,14
3096,772,15,11,20,19
3097,772,23,4,18,12
3098,772,13,8,14,13
3099,772,17,10,7,10
3100,772,21,10,8,9
3101,772,8,1,10,8
3102,772,1,1,9,7
3103,772,16,8,15,6
3104,772,2,2,16,5
3105,772,20,3,3,4
3106,772,12,5,5,3
3107,772,0,0,2,2
3108,772,24,2,17,11
3109,772,3,0,1,1
3110,773,21,10,8,13
3111,773,13,8,14,14
3112,773,17,10,7,15
3113,773,25,4,19,16
3114,773,4,3,4,22
3115,773,22,6,11,18
3116,773,15,11,20,20
3117,773,26,11,21,21
3118,773,18,7,23,17
3119,773,23,4,18,12
3120,773,24,2,17,19
3121,773,14,6,12,10
3122,773,20,3,3,9
3123,773,8,1,10,8
3124,773,2,2,16,7
3125,773,16,8,15,6
3126,773,12,5,5,5
3127,773,7,5,6,4
3128,773,1,1,9,3
3129,773,3,0,1,2
3130,773,0,0,2,1
3131,773,10,7,22,11
3132,774,2,2,16,14
3133,774,21,10,8,15
3134,774,18,7,23,16
3135,774,24,2,17,17
3136,774,26,11,21,22
3137,774,25,4,19,20
3138,774,15,11,20,21
3139,774,17,10,7,13
3140,774,23,4,18,19
3141,774,22,6,11,12
3142,774,10,7,22,18
3143,774,20,3,3,10
3144,774,16,8,15,9
3145,774,14,6,12,8
3146,774,19,1,10,7
3147,774,4,3,4,6
3148,774,1,1,9,5
3149,774,7,5,6,4
3150,774,12,5,5,3
3151,774,3,0,1,2
3152,774,0,0,2,1
3153,774,13,8,14,11
3154,775,16,8,15,14
3155,775,25,4,19,15
3156,775,13,8,14,16
3157,775,15,11,20,21
3158,775,24,2,17,18
3159,775,18,7,23,19
3160,775,26,11,21,20
3161,775,21,10,8,13
3162,775,23,4,18,17
3163,775,17,10,7,12
3164,775,1,1,9,7
3165,775,3,0,1,10
3166,775,2,2,16,9
3167,775,14,6,12,8
3168,775,4,3,4,6
3169,775,20,3,3,5
3170,775,8,1,10,4
3171,775,7,5,6,3
3172,775,0,0,2,2
3173,775,12,5,5,1
3174,775,22,6,11,11
3175,775,10,7,22,22
3176,776,2,2,16,17
3177,776,17,10,7,18
3178,776,26,11,21,22
3179,776,10,7,22,21
3180,776,15,11,20,20
3181,776,18,7,23,19
3182,776,0,0,2,1
3183,776,3,0,1,3
3184,776,12,5,5,4
3185,776,8,1,10,5
3186,776,22,6,11,6
3187,776,7,5,6,2
3188,776,20,3,3,8
3189,776,1,1,9,9
3190,776,14,6,12,10
3191,776,16,8,15,11
3192,776,13,8,14,12
3193,776,24,2,17,13
3194,776,21,10,8,14
3195,776,25,4,19,15
3196,776,23,4,18,16
3197,776,4,3,4,7
3198,777,21,10,8,14
3199,777,18,7,23,15
3200,777,10,7,22,16
3201,777,17,10,7,17
3202,777,27,11,21,22
3203,777,23,4,18,19
3204,777,13,8,14,20
3205,777,15,11,20,21
3206,777,20,3,3,13
3207,777,25,4,19,18
3208,777,24,2,17,12
3209,777,16,8,15,6
3210,777,0,0,2,10
3211,777,22,6,11,9
3212,777,14,6,12,8
3213,777,4,3,4,7
3214,777,8,1,10,5
3215,777,1,1,9,4
3216,777,12,5,5,3
3217,777,3,0,1,2
3218,777,7,5,6,1
3219,777,2,2,16,11
3220,778,12,5,5,14
3221,778,18,7,23,15
3222,778,23,4,18,16
3223,778,17,10,7,17
3224,778,28,11,21,22
3225,778,10,7,22,19
3226,778,19,4,19,20
3227,778,15,11,20,21
3228,778,24,2,17,13
3229,778,21,10,8,18
3230,778,4,3,4,12
3231,778,22,6,11,6
3232,778,16,8,15,10
3233,778,0,0,2,2
3234,778,1,1,9,3
3235,778,7,5,6,4
3236,778,2,2,16,5
3237,778,3,0,1,1
3238,778,8,1,10,7
3239,778,20,3,3,8
3240,778,14,6,12,9
3241,778,13,8,14,11
3242,779,13,8,14,13
3243,779,17,10,7,21
3244,779,28,11,21,20
3245,779,15,11,20,19
3246,779,19,4,19,18
3247,779,10,7,22,17
3248,779,22,6,11,16
3249,779,23,4,18,15
3250,779,24,2,17,14
3251,779,21,10,8,22
3252,779,16,8,15,12
3253,779,20,3,3,10
3254,779,18,7,23,11
3255,779,0,0,2,2
3256,779,7,5,6,3
3257,779,3,0,1,4
3258,779,12,5,5,1
3259,779,1,1,9,6
3260,779,4,3,4,7
3261,779,2,2,16,8
3262,779,14,6,12,9
3263,779,8,1,10,5
3264,780,17,10,7,10
3265,780,0,0,2,2
3266,780,12,5,5,3
3267,780,1,1,9,4
3268,780,7,5,6,5
3269,780,8,1,10,6
3270,780,4,3,4,7
3271,780,2,2,16,8
3272,780,14,6,12,9
3273,780,3,0,1,1
3274,780,16,8,15,11
3275,780,24,2,17,13
3276,780,18,7,23,14
3277,780,20,3,3,15
3278,780,19,4,19,16
3279,780,10,7,22,17
3280,780,22,6,11,18
3281,780,23,4,18,19
3282,780,13,8,14,20
3283,780,15,11,20,21
3284,780,28,11,21,22
3285,780,21,10,8,12
3286,781,8,1,10,14
3287,781,24,2,17,15
3288,781,19,4,19,16
3289,781,28,11,21,21
3290,781,10,7,22,18
3291,781,15,11,20,19
3292,781,18,7,23,20
3293,781,23,4,18,13
3294,781,21,10,8,17
3295,781,17,10,7,12
3296,781,16,8,15,7
3297,781,22,6,11,10
3298,781,4,3,4,9
3299,781,14,6,12,8
3300,781,1,1,9,6
3301,781,2,2,16,5
3302,781,0,0,2,4
3303,781,3,0,1,3
3304,781,12,5,5,2
3305,781,7,5,6,1
3306,781,13,8,14,11
3307,781,20,3,3,22
3308,782,14,6,12,13
3309,782,3,0,1,2
3310,782,28,11,21,22
3311,782,10,7,22,21
3312,782,15,11,20,20
3313,782,18,7,23,19
3314,782,0,0,2,1
3315,782,21,10,8,17
3316,782,2,2,16,16
3317,782,22,6,11,15
3318,782,23,4,18,14
3319,782,24,2,17,18
3320,782,4,3,4,11
3321,782,20,3,3,10
3322,782,8,1,10,9
3323,782,19,4,19,8
3324,782,16,8,15,7
3325,782,17,10,7,6
3326,782,1,1,9,5
3327,782,12,5,5,4
3328,782,7,5,6,3
3329,782,13,8,14,12
3330,783,18,7,23,14
3331,783,2,2,16,15
3332,783,21,10,8,16
3333,783,19,4,19,17
3334,783,28,11,21,22
3335,783,24,2,17,19
3336,783,10,7,22,20
3337,783,15,11,20,21
3338,783,20,3,3,18
3339,783,14,6,12,12
3340,783,4,3,4,13
3341,783,17,10,7,10
3342,783,8,1,10,9
3343,783,1,1,9,8
3344,783,16,8,15,7
3345,783,22,6,11,6
3346,783,13,8,14,5
3347,783,3,0,1,4
3348,783,12,5,5,3
3349,783,7,5,6,2
3350,783,0,0,2,1
3351,783,23,4,18,11
3352,784,23,4,18,14
3353,784,22,6,11,15
3354,784,17,10,7,16
3355,784,15,11,20,21
3356,784,10,7,22,18
3357,784,5,2,17,19
3358,784,18,7,23,20
3359,784,19,4,19,13
3360,784,4,3,4,17
3361,784,20,3,3,12
3362,784,8,1,10,7
3363,784,2,2,16,10
3364,784,13,8,14,9
3365,784,14,6,12,8
3366,784,1,1,9,6
3367,784,16,8,15,5
3368,784,3,0,1,4
3369,784,7,5,6,3
3370,784,0,0,2,2
3371,784,12,5,5,1
3372,784,21,10,8,11
3373,784,28,11,21,22
3374,785,0,0,22,1
3375,785,20,9,21,17
3376,785,18,7,19,22
3377,785,11,3,6,21
3378,785,10,7,18,20
3379,785,15,9,20,19
3380,785,6,4,14,18
3381,785,7,5,1,16
3382,785,16,8,10,15
3383,785,5,2,8,14
3384,785,3,3,5,12
3385,785,17,10,16,13
3386,785,19,4,15,10
3387,785,9,6,12,9
3388,785,13,8,9,8
3389,785,2,2,7,7
3390,785,14,6,11,6
3391,785,1,1,3,5
3392,785,12,5,2,4
3393,785,4,0,23,3
3394,785,8,1,4,2
3395,785,21,10,17,11
3396,786,20,9,21,17
3397,786,21,10,17,14
3398,786,19,4,15,15
3399,786,2,2,7,16
3400,786,5,2,8,18
3401,786,8,1,4,6
3402,786,10,7,18,20
3403,786,15,9,20,21
3404,786,18,7,19,22
3405,786,11,3,6,13
3406,786,6,4,14,19
3407,786,13,8,9,12
3408,786,7,5,1,2
3409,786,9,6,12,10
3410,786,3,3,5,9
3411,786,16,8,10,8
3412,786,1,1,3,7
3413,786,14,6,11,5
3414,786,0,0,22,4
3415,786,4,0,23,3
3416,786,12,5,2,1
3417,786,17,10,16,11
3418,787,11,3,6,14
3419,787,13,8,9,17
3420,787,6,4,14,15
3421,787,5,2,8,16
3422,787,20,9,21,18
3423,787,4,0,23,5
3424,787,15,9,20,20
3425,787,18,7,19,21
3426,787,10,7,18,22
3427,787,9,6,12,13
3428,787,19,4,15,19
3429,787,21,10,17,12
3430,787,12,5,2,2
3431,787,3,3,5,10
3432,787,16,8,10,11
3433,787,0,0,22,3
3434,787,7,5,1,4
3435,787,8,1,4,1
3436,787,14,6,11,7
3437,787,2,2,7,8
3438,787,17,10,16,9
3439,787,1,1,3,6
3440,788,10,7,18,22
3441,788,18,7,19,21
3442,788,17,10,16,13
3443,788,15,9,20,20
3444,788,20,9,21,19
3445,788,19,4,15,18
3446,788,13,8,9,17
3447,788,6,4,14,16
3448,788,2,2,7,15
3449,788,9,6,12,14
3450,788,5,2,8,12
3451,788,14,6,11,8
3452,788,11,3,6,10
3453,788,1,1,3,9
3454,788,16,8,10,7
3455,788,4,0,23,6
3456,788,0,0,22,5
3457,788,8,1,4,4
3458,788,12,5,2,3
3459,788,3,3,5,2
3460,788,7,5,1,1
3461,788,21,10,17,11
3462,789,5,2,8,16
3463,789,19,4,15,14
3464,789,9,6,12,15
3465,789,11,3,6,17
3466,789,2,2,7,11
3467,789,20,9,21,19
3468,789,15,9,20,20
3469,789,17,10,16,13
3470,789,6,4,14,18
3471,789,21,10,17,12
3472,789,14,6,11,8
3473,789,13,8,9,10
3474,789,4,0,23,2
3475,789,0,0,22,3
3476,789,7,5,1,4
3477,789,8,1,4,5
3478,789,12,5,2,1
3479,789,3,3,5,7
3480,789,1,1,3,9
3481,789,16,8,10,6
3482,790,20,9,21,20
3483,790,17,10,16,12
3484,790,15,9,20,19
3485,790,19,4,15,18
3486,790,11,3,6,17
3487,790,6,4,14,16
3488,790,21,10,17,15
3489,790,5,2,8,14
3490,790,1,1,3,13
3491,790,9,6,12,11
3492,790,13,8,9,10
3493,790,16,8,10,9
3494,790,14,6,11,8
3495,790,2,2,7,6
3496,790,8,1,4,5
3497,790,4,0,23,4
3498,790,0,0,22,3
3499,790,7,5,1,2
3500,790,12,5,2,1
3501,790,3,3,5,7
3502,791,6,4,14,16
3503,791,5,2,8,12
3504,791,14,6,11,14
3505,791,13,8,9,13
3506,791,15,9,20,17
3507,791,17,10,16,19
3508,791,9,6,12,11
3509,791,19,4,15,20
3510,791,20,9,21,18
3511,791,16,8,10,10
3512,791,11,3,6,15
3513,791,1,1,3,8
3514,791,4,0,23,7
3515,791,12,5,2,6
3516,791,2,2,7,5
3517,791,3,3,5,4
3518,791,7,5,1,3
3519,791,8,1,4,2
3520,791,0,0,22,1
3521,791,21,10,17,9
3522,792,1,1,3,12
3523,792,19,4,15,13
3524,792,6,4,14,14
3525,792,20,9,21,19
3526,792,17,10,16,17
3527,792,21,10,17,18
3528,792,11,3,6,11
3529,792,15,9,20,20
3530,792,5,2,8,16
3531,792,9,6,12,10
3532,792,2,2,7,15
3533,792,16,8,10,8
3534,792,8,1,4,7
3535,792,4,0,23,6
3536,792,14,6,11,5
3537,792,3,3,5,4
3538,792,0,0,22,3
3539,792,12,5,2,2
3540,792,7,5,1,1
3541,792,13,8,9,9
3542,793,9,6,12,12
3543,793,6,4,14,13
3544,793,14,6,11,14
3545,793,2,2,7,18
3546,793,21,10,17,16
3547,793,17,10,16,17
3548,793,13,8,9,11
3549,793,5,2,8,15
3550,793,8,1,4,10
3551,793,1,1,3,5
3552,793,19,4,15,8
3553,793,11,3,6,7
3554,793,3,3,5,6
3555,793,0,0,22,4
3556,793,7,5,1,3
3557,793,16,8,10,2
3558,793,4,0,23,1
3559,793,15,9,20,19
3560,793,12,5,2,9
3561,793,20,9,21,20
3562,794,6,4,14,15
3563,794,17,10,16,14
3564,794,5,2,8,16
3565,794,11,3,6,17
3566,794,9,6,12,11
3567,794,15,9,20,19
3568,794,20,9,21,20
3569,794,2,2,7,13
3570,794,21,10,17,18
3571,794,1,1,3,12
3572,794,0,0,22,1
3573,794,13,8,9,10
3574,794,19,4,15,9
3575,794,16,8,10,8
3576,794,8,1,4,7
3577,794,7,5,1,6
3578,794,3,3,5,5
3579,794,14,6,11,4
3580,794,4,0,23,3
3581,794,12,5,2,2
3582,795,13,8,9,13
3583,795,6,4,14,14
3584,795,2,2,7,15
3585,795,1,1,3,16
3586,795,11,3,6,10
3587,795,21,10,17,18
3588,795,20,9,21,19
3589,795,15,9,20,20
3590,795,17,10,16,12
3591,795,5,2,8,17
3592,795,19,4,15,11
3593,795,3,3,5,7
3594,795,14,6,11,9
3595,795,16,8,10,8
3596,795,7,5,1,6
3597,795,9,6,12,5
3598,795,8,1,4,4
3599,795,12,5,2,3
3600,795,4,0,23,2
3601,795,0,0,22,1
3602,796,11,3,6,15
3603,796,16,8,10,14
3604,796,9,6,12,13
3605,796,17,10,16,16
3606,796,6,4,14,10
3607,796,20,9,21,18
3608,796,21,10,17,19
3609,796,15,9,20,20
3610,796,3,3,5,12
3611,796,13,8,9,17
3612,796,5,2,8,11
3613,796,14,6,11,7
3614,796,2,2,7,9
3615,796,0,0,22,2
3616,796,8,1,4,3
3617,796,7,5,1,4
3618,796,12,5,2,1
3619,796,19,4,15,6
3620,796,1,1,3,8
3621,796,4,0,23,5
3622,797,20,9,21,20
3623,797,11,3,6,12
3624,797,5,2,8,19
3625,797,15,9,20,18
3626,797,17,10,16,17
3627,797,21,10,17,16
3628,797,2,2,7,15
3629,797,13,8,9,14
3630,797,9,6,12,13
3631,797,14,6,11,11
3632,797,16,8,10,7
3633,797,6,4,14,9
3634,797,8,1,4,8
3635,797,3,3,5,6
3636,797,1,1,3,5
3637,797,7,5,1,4
3638,797,4,0,23,3
3639,797,12,5,2,2
3640,797,0,0,22,1
3641,797,19,4,15,10
3642,798,20,9,21,12
3643,798,7,5,1,14
3644,798,13,8,9,13
3645,798,0,0,22,15
3646,798,15,9,20,20
3647,798,5,2,8,18
3648,798,17,10,16,19
3649,798,8,1,4,11
3650,798,21,10,17,16
3651,798,1,1,3,10
3652,798,11,3,6,17
3653,798,3,3,5,8
3654,798,14,6,11,7
3655,798,12,5,2,6
3656,798,2,2,7,5
3657,798,6,4,14,4
3658,798,16,8,10,3
3659,798,9,6,12,9
3660,798,4,0,23,2
3661,798,19,4,15,1
3662,799,16,8,10,13
3663,799,13,8,9,14
3664,799,3,3,5,15
3665,799,11,3,6,16
3666,799,20,9,21,20
3667,799,21,10,17,18
3668,799,15,9,20,19
3669,799,17,10,16,12
3670,799,6,4,14,17
3671,799,14,6,11,11
3672,799,5,2,8,10
3673,799,2,2,7,9
3674,799,9,6,12,8
3675,799,19,4,15,7
3676,799,1,1,3,6
3677,799,4,0,23,5
3678,799,8,1,4,4
3679,799,7,5,1,3
3680,799,0,0,22,2
3681,799,12,5,2,1
3682,800,11,3,6,12
3683,800,16,8,10,13
3684,800,5,2,8,14
3685,800,2,2,7,15
3686,800,15,9,20,19
3687,800,20,9,21,20
3688,800,17,10,16,18
3689,800,13,8,9,11
3690,800,1,1,3,16
3691,800,6,4,14,10
3692,800,21,10,17,17
3693,800,9,6,12,8
3694,800,14,6,11,7
3695,800,8,1,4,6
3696,800,12,5,2,5
3697,800,3,3,5,4
3698,800,4,0,23,3
3699,800,7,5,1,2
3700,800,0,0,22,1
3701,800,19,4,15,9
3702,801,8,1,4,12
3703,801,9,6,12,13
3704,801,21,10,17,14
3705,801,2,2,7,15
3706,801,15,9,20,19
3707,801,17,10,16,18
3708,801,11,3,6,11
3709,801,20,9,21,20
3710,801,13,8,9,16
3711,801,6,4,14,10
3712,801,5,2,8,17
3713,801,19,4,15,8
3714,801,1,1,3,7
3715,801,16,8,10,6
3716,801,4,0,23,5
3717,801,3,3,5,4
3718,801,12,5,2,3
3719,801,7,5,1,2
3720,801,0,0,22,1
3721,801,14,6,11,9
3722,802,8,1,4,13
3723,802,13,8,9,14
3724,802,21,10,17,15
3725,802,20,9,21,19
3726,802,17,10,16,17
3727,802,2,2,7,18
3728,802,16,8,10,12
3729,802,15,9,20,20
3730,802,5,2,8,16
3731,802,11,3,6,11
3732,802,19,4,15,7
3733,802,6,4,14,9
3734,802,1,1,3,8
3735,802,3,3,5,6
3736,802,4,0,23,5
3737,802,0,0,22,4
3738,802,7,5,1,3
3739,802,14,6,11,2
3740,802,12,5,2,1
3741,802,9,6,12,10
3742,803,5,2,17,13
3743,803,0,0,1,15
3744,803,4,0,2,14
3745,803,66,4,12,16
3746,803,6,4,11,20
3747,803,20,9,21,18
3748,803,15,9,20,19
3749,803,3,3,7,12
3750,803,11,3,8,17
3751,803,1,1,6,11
3752,803,16,8,14,10
3753,803,7,5,4,9
3754,803,14,6,9,8
3755,803,12,5,3,7
3756,803,9,6,10,6
3757,803,2,2,16,5
3758,803,8,1,5,4
3759,803,19,8,15,3
3760,803,21,22,23,2
3761,803,17,22,22,1
3762,804,5,2,17,12
3763,804,0,0,1,13
3764,804,4,0,2,14
3765,804,6,4,11,15
3766,804,1,1,5,11
3767,804,11,3,8,17
3768,804,20,9,21,18
3769,804,15,9,20,19
3770,804,12,5,3,16
3771,804,3,3,7,10
3772,804,21,22,23,4
3773,804,8,1,5,8
3774,804,7,5,4,9
3775,804,17,22,22,1
3776,804,14,6,9,2
3777,804,19,8,15,3
3778,804,66,4,12,20
3779,804,9,6,10,5
3780,804,2,2,16,6
3781,804,16,8,14,7
3782,805,20,9,11,20
3783,805,15,9,20,19
3784,805,8,1,5,18
3785,805,11,3,8,17
3786,805,6,4,11,16
3787,805,5,2,17,15
3788,805,12,5,3,13
3789,805,4,0,2,12
3790,805,1,1,6,11
3791,805,9,6,10,14
3792,805,0,0,1,9
3793,805,66,4,12,10
3794,805,3,3,7,2
3795,805,16,8,14,3
3796,805,21,22,23,4
3797,805,19,8,15,1
3798,805,14,6,9,6
3799,805,2,2,16,7
3800,805,7,5,4,8
3801,805,17,22,22,5
3802,806,8,1,5,13
3803,806,6,4,11,20
3804,806,16,8,14,19
3805,806,20,9,21,18
3806,806,66,4,12,17
3807,806,15,9,20,16
3808,806,11,3,8,15
3809,806,1,1,6,14
3810,806,5,2,17,12
3811,806,17,22,22,4
3812,806,7,5,4,10
3813,806,4,0,2,11
3814,806,9,6,10,2
3815,806,19,8,15,3
3816,806,0,0,1,5
3817,806,14,6,9,1
3818,806,3,3,7,7
3819,806,12,5,3,8
3820,806,2,2,16,9
3821,806,21,22,23,6
3822,807,1,1,6,13
3823,807,20,9,21,20
3824,807,15,9,20,19
3825,807,4,0,2,18
3826,807,6,4,11,17
3827,807,7,5,4,16
3828,807,66,4,12,15
3829,807,0,0,1,14
3830,807,11,3,8,12
3831,807,12,5,3,4
3832,807,8,1,5,10
3833,807,19,8,15,2
3834,807,21,22,23,3
3835,807,17,22,22,1
3836,807,16,8,14,5
3837,807,5,2,17,11
3838,807,14,6,9,7
3839,807,3,3,7,8
3840,807,2,2,16,9
3841,807,9,6,10,6
3842,808,11,3,8,12
3843,808,14,6,9,19
3844,808,8,1,5,18
3845,808,1,1,6,17
3846,808,0,0,1,16
3847,808,15,9,20,15
3848,808,6,4,11,14
3849,808,20,9,21,13
3850,808,9,6,10,20
3851,808,66,4,12,11
3852,808,3,3,7,9
3853,808,16,8,14,8
3854,808,4,0,2,7
3855,808,2,2,16,6
3856,808,12,5,3,5
3857,808,19,8,15,4
3858,808,21,22,23,3
3859,808,7,5,4,2
3860,808,17,22,22,1
3861,808,5,2,17,10
3862,809,4,0,2,14
3863,809,15,9,20,15
3864,809,0,0,1,16
3865,809,9,6,10,13
3866,809,66,4,12,18
3867,809,20,9,21,19
3868,809,6,4,11,20
3869,809,11,3,8,17
3870,809,5,2,17,12
3871,809,12,5,3,7
3872,809,8,1,5,10
3873,809,17,22,22,2
3874,809,21,22,23,3
3875,809,16,8,14,4
3876,809,14,6,9,5
3877,809,1,1,6,11
3878,809,19,8,15,1
3879,809,3,3,7,8
3880,809,2,2,16,9
3881,809,7,5,4,6
3882,810,4,0,2,13
3883,810,66,4,12,20
3884,810,0,0,1,19
3885,810,15,9,20,18
3886,810,6,4,11,17
3887,810,20,9,21,16
3888,810,1,1,6,15
3889,810,11,3,8,14
3890,810,8,1,5,12
3891,810,12,5,3,11
3892,810,3,3,7,10
3893,810,7,5,4,9
3894,810,9,6,10,8
3895,810,2,2,16,7
3896,810,17,22,22,6
3897,810,5,2,17,5
3898,810,14,6,9,4
3899,810,16,8,14,3
3900,810,21,22,23,2
3901,810,19,8,15,1
3902,811,14,6,9,14
3903,811,2,2,16,15
3904,811,8,1,5,16
3905,811,6,4,11,20
3906,811,20,9,21,18
3907,811,9,6,10,19
3908,811,3,3,7,12
3909,811,66,4,12,17
3910,811,1,1,6,11
3911,811,5,2,17,13
3912,811,7,5,4,9
3913,811,12,5,3,8
3914,811,15,9,20,7
3915,811,4,0,2,6
3916,811,0,0,1,5
3917,811,19,8,15,4
3918,811,17,22,22,3
3919,811,21,22,23,2
3920,811,16,8,14,1
3921,811,11,3,8,10
3922,812,9,6,10,14
3923,812,11,3,8,15
3924,812,1,1,6,16
3925,812,152,4,11,20
3926,812,15,9,20,18
3927,812,8,1,5,19
3928,812,14,6,9,12
3929,812,20,9,21,17
3930,812,66,4,12,11
3931,812,21,22,23,13
3932,812,5,2,17,9
3933,812,17,22,22,8
3934,812,7,5,4,7
3935,812,4,0,2,6
3936,812,2,2,16,5
3937,812,0,0,1,4
3938,812,16,8,14,3
3939,812,19,8,15,2
3940,812,3,3,7,1
3941,812,12,5,3,10
3942,813,15,9,20,12
3943,813,1,1,6,11
3944,813,9,6,10,13
3945,813,8,1,5,10
3946,813,16,8,14,9
3947,813,3,3,7,8
3948,813,21,22,23,3
3949,813,7,5,4,6
3950,813,17,22,22,5
3951,813,19,8,15,4
3952,813,4,0,2,2
3953,813,0,0,1,1
3954,813,2,2,16,7
3955,813,153,3,8,14
3956,813,20,9,21,16
3957,813,152,4,11,19
3958,813,5,2,17,17
3959,813,14,6,9,18
3960,813,68,5,3,20
3961,813,66,4,12,15
3962,814,68,5,3,20
3963,814,153,3,8,19
3964,814,5,2,17,18
3965,814,152,4,11,17
3966,814,66,4,12,16
3967,814,4,0,2,15
3968,814,17,22,22,14
3969,814,0,0,1,12
3970,814,15,9,20,11
3971,814,3,3,7,13
3972,814,16,8,14,9
3973,814,2,2,16,10
3974,814,14,6,9,2
3975,814,1,1,6,3
3976,814,21,22,23,4
3977,814,20,9,21,1
3978,814,7,5,4,6
3979,814,9,6,10,7
3980,814,19,8,15,8
3981,814,8,1,5,5
3982,815,8,1,5,13
3983,815,152,4,11,20
3984,815,66,4,12,19
3985,815,2,2,16,18
3986,815,5,2,17,17
3987,815,9,6,10,16
3988,815,1,1,6,15
3989,815,20,5,3,14
3990,815,153,3,8,12
3991,815,7,5,4,3
3992,815,16,8,14,10
3993,815,14,6,9,11
3994,815,15,9,20,2
3995,815,4,0,2,4
3996,815,21,22,23,5
3997,815,0,0,1,1
3998,815,23,9,21,7
3999,815,3,3,7,8
4000,815,19,8,15,9
4001,815,17,22,22,6
4002,816,7,5,4,13
4003,816,23,9,21,20
4004,816,153,3,8,19
4005,816,20,5,3,18
4006,816,152,4,11,17
4007,816,15,9,20,16
4008,816,14,6,9,15
4009,816,66,4,12,14
4010,816,17,22,22,12
4011,816,2,2,16,3
4012,816,4,0,2,10
4013,816,19,8,15,2
4014,816,0,0,1,1
4015,816,16,8,14,4
4016,816,21,22,23,5
4017,816,5,2,17,11
4018,816,9,6,10,7
4019,816,1,1,6,8
4020,816,8,1,5,9
4021,816,3,3,7,6
4022,817,3,3,7,12
4023,817,23,9,21,19
4024,817,153,3,8,18
4025,817,5,2,17,17
4026,817,20,5,3,16
4027,817,152,4,11,15
4028,817,9,6,10,14
4029,817,8,1,5,13
4030,817,16,8,14,20
4031,817,2,2,16,11
4032,817,4,0,2,9
4033,817,7,5,4,8
4034,817,17,22,22,7
4035,817,1,1,6,6
4036,817,21,22,23,5
4037,817,15,9,20,4
4038,817,0,0,1,3
4039,817,14,6,9,2
4040,817,19,8,15,1
4041,817,66,4,12,10
4042,818,17,22,22,14
4043,818,23,9,21,15
4044,818,19,8,15,16
4045,818,20,5,3,20
4046,818,0,0,1,18
4047,818,153,3,8,13
4048,818,1,1,6,19
4049,818,4,0,2,17
4050,818,152,4,11,12
4051,818,15,9,20,3
4052,818,3,3,7,10
4053,818,5,2,17,9
4054,818,8,1,5,8
4055,818,2,2,16,7
4056,818,66,4,12,6
4057,818,7,5,4,5
4058,818,14,6,9,4
4059,818,16,8,14,2
4060,818,21,22,23,1
4061,818,154,6,10,11
4062,819,4,0,2,13
4063,819,5,2,17,14
4064,819,152,4,11,15
4065,819,20,5,3,20
4066,819,23,9,21,17
4067,819,15,9,20,18
4068,819,153,3,8,19
4069,819,3,3,7,16
4070,819,7,5,4,11
4071,819,154,6,10,12
4072,819,2,2,16,9
4073,819,1,1,6,8
4074,819,8,1,5,7
4075,819,14,6,9,6
4076,819,17,22,22,5
4077,819,21,22,23,4
4078,819,16,8,14,3
4079,819,19,8,15,2
4080,819,0,0,1,1
4081,819,66,4,12,10
